date,pos,neg,read
2020-01-01,2.0,0.0,6706
2020-01-01,1.0,1.0,4085
2020-01-02,0.0,0.0,28709
2020-01-02,0.0,0.0,8272
2020-01-02,0.0,1.0,1808
2020-01-02,0.0,0.0,603
2020-01-02,0.0,0.0,707
2020-01-02,1.0,0.0,6765
2020-01-03,0.0,0.0,34498
2020-01-03,0.0,0.0,14274
2020-01-03,0.0,1.0,16549
2020-01-03,0.0,0.0,6670
2020-01-03,1.0,0.0,22309
2020-01-03,0.0,0.0,6261
2020-01-03,0.0,0.0,1315
2020-01-03,0.0,1.0,17490
2020-01-03,0.0,1.0,9467
2020-01-03,0.0,1.0,1701
2020-01-03,0.0,1.0,1565
2020-01-03,0.0,0.0,67796
2020-01-03,0.0,0.0,3987
2020-01-03,0.0,0.0,8027
2020-01-03,0.0,0.0,4808
2020-01-03,2.0,0.0,5711
2020-01-03,0.0,1.0,1776
2020-01-03,1.0,1.0,7436
2020-01-03,0.0,1.0,7755
2020-01-03,0.0,0.0,804
2020-01-03,1.0,0.0,11670
2020-01-04,2.0,0.0,6384
2020-01-04,2.0,6.0,5735
2020-01-04,0.0,1.0,42647
2020-01-04,0.0,1.0,28086
2020-01-04,0.0,2.0,19053
2020-01-05,8.0,0.0,1920
2020-01-05,1.0,0.0,7564
2020-01-05,1.0,0.0,3193
2020-01-06,1.0,1.0,4923
2020-01-06,0.0,4.0,7163
2020-01-06,2.0,1.0,3871
2020-01-06,0.0,1.0,2695
2020-01-06,1.0,3.0,5843
2020-01-06,0.0,0.0,1040
2020-01-06,0.0,0.0,1997
2020-01-06,0.0,0.0,4381
2020-01-07,0.0,0.0,872
2020-01-07,0.0,0.0,1606
2020-01-07,2.0,0.0,15512
2020-01-07,2.0,2.0,5425
2020-01-07,2.0,0.0,3816
2020-01-07,1.0,0.0,4985
2020-01-07,1.0,1.0,7753
2020-01-08,0.0,0.0,940
2020-01-08,0.0,2.0,3450
2020-01-08,0.0,4.0,8185
2020-01-08,1.0,0.0,7362
2020-01-08,0.0,0.0,30513
2020-01-08,1.0,0.0,4483
2020-01-08,1.0,0.0,6103
2020-01-08,0.0,0.0,848
2020-01-09,0.0,0.0,1038
2020-01-09,0.0,0.0,1286
2020-01-09,0.0,0.0,6379
2020-01-10,0.0,0.0,1024
2020-01-10,0.0,0.0,803
2020-01-10,1.0,0.0,5643
2020-01-10,2.0,0.0,19360
2020-01-10,2.0,0.0,480
2020-01-10,1.0,1.0,514
2020-01-10,0.0,1.0,3416
2020-01-10,1.0,3.0,6070
2020-01-10,0.0,0.0,2736
2020-01-10,0.0,1.0,5818
2020-01-11,0.0,0.0,10205
2020-01-11,1.0,0.0,6042
2020-01-11,0.0,-1.0,3936
2020-01-11,0.0,1.0,7308
2020-01-11,4.0,1.0,1591
2020-01-11,1.0,0.0,2355
2020-01-12,1.0,0.0,1812
2020-01-12,1.0,1.0,6718
2020-01-12,0.0,1.0,4685
2020-01-12,0.0,0.0,49312
2020-01-12,0.0,1.0,40210
2020-01-12,5.0,0.0,65993
2020-01-13,0.0,0.0,2225
2020-01-13,0.0,0.0,896
2020-01-13,0.0,0.0,955
2020-01-13,1.0,1.0,10636
2020-01-13,8.0,3.0,8384
2020-01-13,1.0,1.0,7157
2020-01-13,1.0,0.0,2066
2020-01-13,0.0,0.0,4365
2020-01-13,3.0,0.0,14151
2020-01-13,2.0,0.0,80630
2020-01-14,0.0,0.0,17830
2020-01-14,0.0,0.0,929
2020-01-14,0.0,0.0,15257
2020-01-14,0.0,0.0,817
2020-01-14,2.0,0.0,3460
2020-01-14,1.0,0.0,4795
2020-01-15,0.0,1.0,5130
2020-01-15,0.0,0.0,760
2020-01-15,0.0,0.0,1146
2020-01-15,0.0,0.0,103000
2020-01-15,1.0,1.0,16303
2020-01-15,1.0,0.0,11031
2020-01-15,0.0,0.0,18237
2020-01-16,0.0,0.0,11598
2020-01-16,0.0,1.0,4644
2020-01-16,0.0,1.0,2350
2020-01-16,0.0,1.0,2355
2020-01-16,0.0,2.0,2636
2020-01-16,0.0,0.0,25843
2020-01-16,1.0,0.0,34167
2020-01-16,1.0,1.0,28719
2020-01-16,0.0,0.0,6468
2020-01-16,0.0,1.0,1980
2020-01-16,0.0,1.0,4619
2020-01-16,1.0,0.0,7130
2020-01-16,0.0,0.0,6836
2020-01-16,0.0,0.0,787
2020-01-16,1.0,0.0,19004
2020-01-16,0.0,0.0,860
2020-01-17,1.0,0.0,6030
2020-01-17,0.0,0.0,785
2020-01-17,0.0,0.0,743
2020-01-17,2.0,2.0,7190
2020-01-17,1.0,1.0,2316
2020-01-17,0.0,0.0,1882
2020-01-17,1.0,1.0,14950
2020-01-17,0.0,0.0,66046
2020-01-17,0.0,1.0,80625
2020-01-17,0.0,1.0,2485
2020-01-17,0.0,1.0,3316
2020-01-18,1.0,0.0,23539
2020-01-18,0.0,2.0,17238
2020-01-18,0.0,0.0,21804
2020-01-18,1.0,0.0,2988
2020-01-18,0.0,1.0,27895
2020-01-18,2.0,1.0,5553
2020-01-18,2.0,1.0,8869
2020-01-18,4.0,1.0,26166
2020-01-18,0.0,1.0,4016
2020-01-18,0.0,2.0,6294
2020-01-19,1.0,0.0,4640
2020-01-19,2.0,1.0,5752
2020-01-19,1.0,0.0,12414
2020-01-19,0.0,1.0,7563
2020-01-19,1.0,1.0,21979
2020-01-19,1.0,0.0,18423
2020-01-20,1.0,0.0,93596
2020-01-20,1.0,1.0,2968
2020-01-20,0.0,2.0,8815
2020-01-20,0.0,0.0,960
2020-01-20,0.0,0.0,1005
2020-01-20,1.0,0.0,28937
2020-01-21,0.0,10.0,3350
2020-01-21,0.0,0.0,4560
2020-01-21,1.0,0.0,7611
2020-01-21,0.0,0.0,770
2020-01-21,0.0,0.0,921
2020-01-21,1.0,0.0,23340
2020-01-22,0.0,1.0,2335
2020-01-22,0.0,0.0,5502
2020-01-22,0.0,0.0,986
2020-01-22,2.0,3.0,8509
2020-01-22,1.0,0.0,6867
2020-01-22,0.0,0.0,913
2020-01-22,1.0,0.0,25037
2020-01-22,1.0,0.0,6271
2020-01-22,1.0,0.0,13242
2020-01-22,0.0,1.0,4386
2020-01-23,0.0,0.0,4652
2020-01-23,0.0,1.0,6055
2020-01-23,1.0,0.0,6876
2020-01-23,0.0,0.0,5330
2020-01-23,1.0,0.0,7593
2020-01-23,0.0,0.0,26228
2020-01-23,0.0,-1.0,20088
2020-01-23,0.0,1.0,42376
2020-01-23,0.0,0.0,827
2020-01-23,0.0,0.0,759
2020-01-23,0.0,1.0,9499
2020-01-23,0.0,0.0,67295
2020-01-24,1.0,0.0,6156
2020-01-24,0.0,0.0,3650
2020-01-24,0.0,0.0,4562
2020-01-24,1.0,0.0,29088
2020-01-25,1.0,0.0,24132
2020-01-25,0.0,1.0,6027
2020-01-25,0.0,0.0,6577
2020-01-25,1.0,0.0,4201
2020-01-25,0.0,0.0,4999
2020-01-25,0.0,0.0,7260
2020-01-25,0.0,0.0,13494
2020-01-25,0.0,0.0,3937
2020-01-26,1.0,0.0,19576
2020-01-26,1.0,2.0,6618
2020-01-26,11.0,0.0,2834
2020-01-26,1.0,0.0,3495
2020-01-26,0.0,0.0,5787
2020-01-26,0.0,0.0,37932
2020-01-26,-1.0,1.0,4697
2020-01-27,0.0,0.0,46053
2020-01-27,0.0,0.0,1195
2020-01-27,4.0,1.0,9241
2020-01-27,1.0,0.0,21657
2020-01-27,0.0,0.0,5777
2020-01-27,1.0,0.0,17523
2020-01-27,0.0,0.0,3469
2020-01-28,2.0,1.0,10499
2020-01-28,1.0,7.0,4769
2020-01-28,1.0,0.0,8679
2020-01-28,1.0,512.0,7267
2020-01-28,0.0,0.0,6090
2020-01-29,1.0,0.0,2298
2020-01-29,0.0,-1.0,1846
2020-01-29,0.0,0.0,2285
2020-01-29,0.0,1.0,8307
2020-01-29,1.0,0.0,9945
2020-01-29,0.0,1.0,5463
2020-01-29,1.0,1.0,5706
2020-01-29,4.0,0.0,6638
2020-01-29,0.0,0.0,6238
2020-01-29,0.0,1.0,3656
2020-01-29,0.0,0.0,5251
2020-01-29,0.0,0.0,24634
2020-01-29,1.0,1.0,7459
2020-01-30,2.0,1.0,3690
2020-01-30,2.0,0.0,28219
2020-01-30,0.0,6.0,3305
2020-01-30,1.0,0.0,11141
2020-01-30,0.0,0.0,5659
2020-01-30,2.0,0.0,3241
2020-01-30,1.0,0.0,72506
2020-01-30,0.0,0.0,30837
2020-01-30,0.0,0.0,27602
2020-01-31,1.0,1.0,4144
2020-01-31,1.0,1.0,2391
2020-01-31,0.0,1.0,2480
2020-01-31,3.0,0.0,2731
2020-01-31,0.0,0.0,5222
2020-01-31,0.0,2.0,12821
2020-01-31,1.0,0.0,13426
2020-01-31,2.0,1.0,4511
2020-02-01,0.0,1.0,4362
2020-02-01,0.0,1.0,3675
2020-02-01,1.0,0.0,30174
2020-02-01,0.0,0.0,3839
2020-02-01,0.0,1.0,4489
2020-02-01,0.0,0.0,5221
2020-02-01,0.0,0.0,3223
2020-02-01,0.0,3.0,2921
2020-02-01,0.0,0.0,4576
2020-02-01,0.0,0.0,11469
2020-02-01,2.0,0.0,5632
2020-02-01,2.0,1.0,2533
2020-02-02,1.0,0.0,5649
2020-02-02,1.0,0.0,4737
2020-02-02,0.0,0.0,2800
2020-02-02,0.0,1.0,4663
2020-02-02,0.0,0.0,2062
2020-02-02,1.0,1.0,20920
2020-02-02,0.0,0.0,7629
2020-02-02,1.0,0.0,6853
2020-02-02,0.0,1.0,5819
2020-02-03,0.0,0.0,1433
2020-02-03,0.0,0.0,6709
2020-02-03,1.0,6.0,14492
2020-02-03,0.0,1.0,2853
2020-02-03,1.0,1.0,8554
2020-02-03,0.0,1.0,5445
2020-02-03,0.0,0.0,2360
2020-02-03,0.0,0.0,3091
2020-02-03,0.0,0.0,3104
2020-02-03,0.0,3.0,6488
2020-02-04,0.0,1.0,5063
2020-02-04,1.0,0.0,3543
2020-02-04,0.0,0.0,2889
2020-02-04,0.0,0.0,1198
2020-02-04,1.0,0.0,1029
2020-02-04,0.0,0.0,1106
2020-02-04,0.0,0.0,5114
2020-02-05,0.0,0.0,1281
2020-02-05,0.0,0.0,35508
2020-02-05,0.0,1.0,5549
2020-02-05,0.0,0.0,2513
2020-02-05,3.0,0.0,9600
2020-02-05,0.0,0.0,2249
2020-02-05,1.0,1.0,5790
2020-02-05,1.0,1.0,3700
2020-02-05,0.0,0.0,834
2020-02-06,0.0,2.0,7571
2020-02-06,0.0,0.0,2792
2020-02-06,0.0,96.0,3031
2020-02-06,0.0,0.0,853
2020-02-06,0.0,0.0,826
2020-02-06,0.0,0.0,18020
2020-02-06,0.0,1.0,5339
2020-02-06,0.0,0.0,3273
2020-02-06,2.0,0.0,2541
2020-02-06,0.0,0.0,18566
2020-02-07,1.0,1.0,5814
2020-02-07,1.0,0.0,4589
2020-02-07,0.0,0.0,771
2020-02-07,0.0,2.0,5176
2020-02-07,0.0,0.0,3535
2020-02-07,0.0,0.0,798
2020-02-07,2.0,0.0,8025
2020-02-08,0.0,0.0,3670
2020-02-08,1.0,4.0,4094
2020-02-08,0.0,0.0,2762
2020-02-08,1.0,0.0,54403
2020-02-08,0.0,1.0,3757
2020-02-08,0.0,0.0,130000
2020-02-08,2.0,1.0,3085
2020-02-08,0.0,0.0,5080
2020-02-09,0.0,0.0,2500
2020-02-09,0.0,0.0,2493
2020-02-09,0.0,0.0,4342
2020-02-09,0.0,0.0,2554
2020-02-09,3.0,0.0,4637
2020-02-09,0.0,0.0,32854
2020-02-10,3.0,0.0,6901
2020-02-10,1.0,0.0,5190
2020-02-10,0.0,0.0,932
2020-02-10,0.0,0.0,847
2020-02-10,1.0,3.0,2213
2020-02-10,0.0,0.0,16520
2020-02-10,2.0,0.0,2523
2020-02-10,0.0,2.0,4281
2020-02-10,0.0,2.0,3904
2020-02-10,0.0,0.0,9562
2020-02-10,0.0,1.0,1781
2020-02-11,2.0,1.0,6193
2020-02-11,1297.0,0.0,6990
2020-02-11,0.0,0.0,7363
2020-02-11,0.0,0.0,794
2020-02-11,1.0,0.0,62275
2020-02-11,0.0,0.0,1053
2020-02-11,1.0,-1.0,5109
2020-02-12,0.0,1.0,4881
2020-02-12,0.0,1.0,4539
2020-02-12,0.0,1.0,12750
2020-02-12,0.0,0.0,767
2020-02-12,5.0,0.0,8907
2020-02-12,0.0,0.0,1060
2020-02-13,1.0,0.0,6228
2020-02-13,0.0,-5.0,3630
2020-02-13,0.0,1.0,6948
2020-02-13,0.0,0.0,3335
2020-02-13,0.0,0.0,2669
2020-02-13,1.0,0.0,13837
2020-02-13,0.0,0.0,734
2020-02-13,0.0,0.0,876
2020-02-14,0.0,0.0,758
2020-02-14,0.0,0.0,22248
2020-02-14,0.0,0.0,670
2020-02-14,0.0,0.0,16720
2020-02-14,1.0,0.0,13554
2020-02-14,0.0,0.0,11116
2020-02-14,2.0,0.0,4794
2020-02-14,7.0,1.0,5775
2020-02-15,1.0,0.0,44717
2020-02-15,8.0,0.0,4552
2020-02-15,1.0,0.0,8073
2020-02-15,0.0,0.0,7152
2020-02-16,0.0,3.0,7225
2020-02-16,0.0,1.0,6751
2020-02-16,0.0,2.0,2478
2020-02-16,1.0,1.0,5683
2020-02-17,0.0,0.0,1396
2020-02-17,0.0,0.0,908
2020-02-17,1.0,0.0,3715
2020-02-17,0.0,1.0,6889
2020-02-17,3.0,1.0,8554
2020-02-17,0.0,0.0,5455
2020-02-18,0.0,0.0,768
2020-02-18,0.0,1.0,5762
2020-02-18,1.0,0.0,9648
2020-02-18,1.0,0.0,16178
2020-02-18,0.0,0.0,889
2020-02-19,0.0,0.0,13603
2020-02-19,1.0,0.0,22132
2020-02-19,2.0,0.0,7704
2020-02-19,2.0,0.0,5881
2020-02-19,2.0,0.0,5478
2020-02-19,2.0,0.0,5211
2020-02-19,0.0,1.0,3520
2020-02-19,0.0,0.0,1192
2020-02-19,0.0,0.0,852
2020-02-20,0.0,0.0,820
2020-02-20,0.0,0.0,703
2020-02-20,0.0,0.0,6195
2020-02-20,0.0,0.0,46499
2020-02-20,0.0,0.0,7136
2020-02-20,0.0,2.0,5922
2020-02-20,1.0,2.0,6647
2020-02-20,0.0,0.0,6285
2020-02-21,0.0,0.0,843
2020-02-21,0.0,0.0,977
2020-02-21,0.0,0.0,62330
2020-02-21,1.0,1.0,4283
2020-02-21,0.0,0.0,8410
2020-02-21,0.0,0.0,11796
2020-02-21,1.0,0.0,17266
2020-02-22,0.0,0.0,5936
2020-02-22,1.0,1.0,9657
2020-02-22,0.0,1.0,85435
2020-02-22,0.0,0.0,7852
2020-02-22,0.0,0.0,2363
2020-02-22,1.0,0.0,7702
2020-02-22,0.0,0.0,38004
2020-02-23,1.0,1.0,7454
2020-02-23,2.0,0.0,14305
2020-02-24,0.0,0.0,7744
2020-02-24,0.0,2.0,8206
2020-02-24,0.0,0.0,898
2020-02-24,0.0,0.0,951
2020-02-25,0.0,0.0,802
2020-02-25,0.0,4.0,6356
2020-02-25,0.0,0.0,6715
2020-02-25,2.0,0.0,6913
2020-02-25,0.0,0.0,3942
2020-02-25,0.0,0.0,719
2020-02-25,1.0,1.0,29753
2020-02-25,3.0,0.0,1266
2020-02-26,0.0,1.0,36087
2020-02-26,0.0,2.0,3298
2020-02-26,1.0,0.0,2209
2020-02-26,0.0,1.0,2212
2020-02-26,1.0,0.0,7306
2020-02-26,0.0,0.0,2876
2020-02-26,0.0,0.0,766
2020-02-26,0.0,0.0,766
2020-02-27,0.0,1.0,3620
2020-02-27,2.0,0.0,4282
2020-02-27,0.0,0.0,808
2020-02-27,0.0,0.0,933
2020-02-27,0.0,1.0,6237
2020-02-27,1.0,1.0,2982
2020-02-27,0.0,0.0,1394
2020-02-27,0.0,0.0,5439
2020-02-28,2.0,0.0,5039
2020-02-28,0.0,0.0,9300
2020-02-28,0.0,0.0,4504
2020-02-28,0.0,0.5,6120
2020-02-28,1.0,0.0,4748
2020-02-28,0.0,0.0,973
2020-02-28,0.0,0.0,781
2020-02-29,2.0,0.0,26524
2020-02-29,0.0,1.0,18517
2020-03-01,0.0,0.0,7665
2020-03-01,2.0,0.0,4143
2020-03-01,0.0,5.0,4301
2020-03-01,0.0,0.0,4834
2020-03-01,2.0,1.0,4119
2020-03-01,3.0,0.0,30608
2020-03-01,3.0,18.0,8065
2020-03-02,0.0,0.0,810
2020-03-02,2.0,0.0,4590
2020-03-02,0.0,0.0,4272
2020-03-02,0.0,0.0,38396
2020-03-02,1.0,1.0,46884
2020-03-02,0.0,0.0,61040
2020-03-02,2.0,0.0,9053
2020-03-02,2.0,0.0,7754
2020-03-02,0.0,0.0,737
2020-03-02,0.0,1.0,4728
2020-03-03,2.0,0.0,2830
2020-03-03,0.0,0.0,5921
2020-03-03,0.0,1.0,8796
2020-03-03,0.0,0.0,1910
2020-03-03,2.0,1.0,6496
2020-03-03,0.0,0.0,824
2020-03-03,0.0,0.0,802
2020-03-03,0.0,0.0,2315
2020-03-04,2.0,1.0,5300
2020-03-04,0.0,2.0,6295
2020-03-04,0.0,0.0,26945
2020-03-04,2.0,0.0,8600
2020-03-04,0.0,1.0,2052
2020-03-04,2.0,0.0,4720
2020-03-04,1.0,0.0,4171
2020-03-04,1.0,0.0,4564
2020-03-04,0.0,0.0,10128
2020-03-04,1.0,6.0,5461
2020-03-04,1.0,0.0,10395
2020-03-04,0.0,0.0,1011
2020-03-04,0.0,0.0,779
2020-03-05,0.0,1.0,1936
2020-03-05,0.0,0.0,754
2020-03-05,1.0,0.0,4754
2020-03-05,0.0,0.0,928
2020-03-05,1.0,0.0,4226
2020-03-05,0.0,0.0,4939
2020-03-05,2.0,0.0,9296
2020-03-05,1.0,2.0,3293
2020-03-06,1.0,1.0,2061
2020-03-06,0.0,1.0,5381
2020-03-06,0.0,0.0,7754
2020-03-06,1.0,0.0,38870
2020-03-06,0.0,0.0,847
2020-03-06,0.0,0.0,885
2020-03-07,0.0,0.0,7804
2020-03-07,0.0,0.0,2595
2020-03-07,1.0,2.0,2995
2020-03-08,0.0,1.0,125000
2020-03-08,2.0,0.0,5458
2020-03-08,0.0,0.0,13764
2020-03-08,2.0,0.0,3545
2020-03-08,0.0,36.0,2977
2020-03-08,0.0,0.0,7574
2020-03-08,0.0,0.0,30010
2020-03-08,0.0,4.0,2684
2020-03-09,0.0,0.0,4001
2020-03-09,1.0,7.0,2673
2020-03-09,0.0,2.0,4574
2020-03-09,0.0,2.0,1574
2020-03-09,2.0,0.0,3886
2020-03-09,0.0,1.0,14682
2020-03-09,1.0,0.0,79044
2020-03-09,0.0,0.0,994
2020-03-09,0.0,0.0,1315
2020-03-10,0.0,0.0,910
2020-03-10,0.0,0.0,857
2020-03-10,4.0,0.0,2633
2020-03-10,1.0,0.0,2434
2020-03-10,1.0,0.0,2978
2020-03-10,1.0,0.0,2258
2020-03-10,0.0,1.0,3748
2020-03-10,0.0,1.0,5504
2020-03-10,0.0,0.0,5680
2020-03-10,0.0,0.0,1819
2020-03-10,1.0,2.0,6200
2020-03-10,0.0,1.0,5226
2020-03-10,1.0,0.0,4401
2020-03-10,2.0,0.0,4973
2020-03-11,0.0,0.0,5257
2020-03-11,0.0,0.0,1008
2020-03-11,0.0,0.0,1037
2020-03-11,2.0,0.0,8419
2020-03-11,1.0,0.0,2886
2020-03-11,0.0,0.0,4075
2020-03-11,1.0,0.0,9424
2020-03-12,0.0,0.0,1808
2020-03-12,1.0,0.0,4208
2020-03-12,1.0,0.0,12655
2020-03-12,0.0,1.0,2642
2020-03-12,0.0,1.0,3495
2020-03-12,0.0,0.0,1429
2020-03-12,0.0,0.0,806
2020-03-13,0.0,0.0,5767
2020-03-13,0.0,0.0,786
2020-03-13,0.0,1.0,14452
2020-03-13,9.0,0.0,1743
2020-03-13,0.0,1.0,2917
2020-03-13,0.0,1.0,2852
2020-03-13,0.0,0.0,10092
2020-03-13,0.0,0.0,3945
2020-03-13,1.0,0.0,3572
2020-03-13,0.0,0.0,820
2020-03-13,1.0,0.0,6445
2020-03-14,0.0,2.0,8020
2020-03-14,1.0,0.0,4888
2020-03-14,0.0,0.0,26010
2020-03-14,0.0,0.0,7767
2020-03-15,9.0,0.0,6522
2020-03-15,0.0,0.0,35416
2020-03-15,1.0,0.0,52013
2020-03-15,0.0,1.0,7765
2020-03-15,2.0,0.0,3028
2020-03-15,1.0,0.0,6724
2020-03-15,0.0,0.0,3649
2020-03-16,1.0,0.0,33353
2020-03-16,0.0,0.0,846
2020-03-16,0.0,0.0,3784
2020-03-16,0.0,6.0,1852
2020-03-16,1.0,0.0,3829
2020-03-16,0.0,1.0,1458
2020-03-16,2.0,0.0,5840
2020-03-16,0.0,2.0,4779
2020-03-16,0.0,0.0,864
2020-03-16,2.0,0.0,3396
2020-03-17,1.0,0.0,2540
2020-03-17,0.0,0.0,725
2020-03-17,0.0,0.0,715
2020-03-17,0.0,0.0,6461
2020-03-17,1.0,0.0,5641
2020-03-18,1.0,3.0,3595
2020-03-18,0.0,0.0,700
2020-03-18,1.0,0.0,3100
2020-03-18,1.0,1.0,5156
2020-03-18,3.0,0.0,4730
2020-03-18,0.0,0.0,3583
2020-03-18,0.0,0.0,4598
2020-03-18,0.0,0.0,636
2020-03-18,0.0,1.0,17783
2020-03-19,1.0,0.0,7650
2020-03-19,0.0,0.0,758
2020-03-19,1.0,1.0,3711
2020-03-19,0.0,0.0,3803
2020-03-19,0.0,0.0,2673
2020-03-19,0.0,0.0,778
2020-03-20,0.0,0.0,700
2020-03-20,0.0,0.0,1385
2020-03-20,1.0,0.0,5266
2020-03-20,0.0,0.0,12407
2020-03-20,1.0,0.0,7133
2020-03-20,0.0,1.0,6483
2020-03-20,0.0,1.0,292
2020-03-20,0.0,1.0,3056
2020-03-20,0.0,0.0,7009
2020-03-21,0.0,0.0,4116
2020-03-21,0.0,0.0,34731
2020-03-21,1.0,0.0,6093
2020-03-21,1.0,0.0,7448
2020-03-22,1.0,0.0,20887
2020-03-22,1.0,1.0,54438
2020-03-22,1.0,0.0,10811
2020-03-22,1.0,0.0,23138
2020-03-22,1.0,0.0,9949
2020-03-22,0.0,0.0,10162
2020-03-22,1.0,0.0,2148
2020-03-22,0.0,0.0,10331
2020-03-22,0.0,1.0,16924
2020-03-22,1.0,0.0,1346
2020-03-22,1.0,0.0,3292
2020-03-22,0.0,1.0,1584
2020-03-22,2.0,1.0,31998
2020-03-22,1.0,3.0,4899
2020-03-22,1.0,1.0,54129
2020-03-22,0.0,0.0,33638
2020-03-22,1.0,1.0,60529
2020-03-22,1.0,0.0,44696
2020-03-23,0.0,0.0,508
2020-03-23,0.0,0.0,578
2020-03-23,1.0,0.0,6681
2020-03-23,1.0,2.0,31713
2020-03-23,1.0,1.0,13300
2020-03-23,0.0,0.0,6903
2020-03-23,1.0,1.0,10411
2020-03-23,1.0,0.0,3266
2020-03-23,1.0,0.0,45599
2020-03-23,1.0,1.0,35989
2020-03-23,1.0,1.0,45156
2020-03-23,1.0,1.0,9446
2020-03-23,1.0,1.0,10687
2020-03-23,1.0,0.0,20529
2020-03-23,0.0,0.0,3482
2020-03-23,0.0,0.0,592
2020-03-23,1.0,0.0,29823
2020-03-24,0.0,0.0,535
2020-03-24,0.0,0.0,616
2020-03-24,1.0,0.0,83151
2020-03-24,0.0,0.0,10896
2020-03-24,1.0,0.0,4694
2020-03-24,1.0,1.0,31578
2020-03-24,1.0,1.0,23997
2020-03-24,1.0,1.0,7572
2020-03-24,1.0,1.0,9405
2020-03-24,1.0,0.0,7508
2020-03-24,1.0,0.0,44073
2020-03-24,1.0,1.0,43467
2020-03-24,1.0,0.0,3977
2020-03-25,0.0,0.0,590
2020-03-25,0.0,0.0,431
2020-03-25,1.0,-3.0,1883
2020-03-25,1.0,0.0,5098
2020-03-25,1.0,1.0,7790
2020-03-25,0.0,0.0,20338
2020-03-25,2.0,0.0,3262
2020-03-25,1.0,2.0,38481
2020-03-25,0.0,0.0,12282
2020-03-25,1.0,0.0,17323
2020-03-25,2.0,0.0,30650
2020-03-25,1.0,1.0,21927
2020-03-25,0.0,0.0,10193
2020-03-25,0.0,0.0,2226
2020-03-25,-1.0,0.0,11009
2020-03-25,0.0,0.0,5035
2020-03-25,0.0,0.0,19709
2020-03-25,0.0,0.0,15512
2020-03-25,0.0,1.0,21401
2020-03-25,1.0,0.0,3511
2020-03-26,0.0,1.0,10461
2020-03-26,0.0,3.0,2744
2020-03-26,0.0,0.0,4285
2020-03-26,0.0,0.0,2533
2020-03-26,0.0,0.0,649
2020-03-26,0.0,0.0,464
2020-03-26,0.0,1.0,5434
2020-03-26,0.0,0.0,4228
2020-03-26,1.0,0.0,4395
2020-03-26,0.0,0.0,7336
2020-03-26,1.0,2.0,6009
2020-03-27,0.0,0.0,416
2020-03-27,0.0,0.0,3024
2020-03-27,2.0,1.0,5820
2020-03-27,1.0,0.0,3608
2020-03-27,1.0,2.0,2635
2020-03-27,0.0,0.0,4759
2020-03-27,8.0,0.0,1652
2020-03-27,0.0,0.0,32221
2020-03-27,1.0,1.0,3891
2020-03-27,1.0,0.0,5066
2020-03-27,0.0,0.0,3260
2020-03-27,0.0,0.0,8308
2020-03-27,0.0,0.0,5961
2020-03-27,0.0,0.0,2680
2020-03-27,2.0,0.0,5721
2020-03-27,-1.0,0.0,3973
2020-03-27,0.0,0.0,724
2020-03-28,1.0,2.0,33011
2020-03-28,1.0,0.0,7263
2020-03-28,0.0,7.0,1994
2020-03-28,0.0,0.0,13878
2020-03-28,0.0,1.0,7897
2020-03-28,0.0,0.0,14035
2020-03-28,1.0,0.0,11355
2020-03-28,1.0,1.0,18487
2020-03-29,4.0,4.0,3723
2020-03-29,0.0,0.0,5327
2020-03-29,0.0,1.0,10963
2020-03-29,0.0,0.0,6625
2020-03-29,1.0,0.0,4549
2020-03-29,0.0,1.0,27969
2020-03-29,0.0,1.0,6478
2020-03-29,0.0,0.0,30511
2020-03-29,1.0,0.0,46421
2020-03-30,0.0,0.0,601
2020-03-30,0.0,0.0,44750
2020-03-30,0.0,0.0,5889
2020-03-30,0.0,0.0,2936
2020-03-30,0.0,0.0,681
2020-03-31,1.0,0.0,8669
2020-03-31,0.0,2.0,2098
2020-03-31,0.0,1.0,5823
2020-03-31,0.0,0.0,1599
2020-03-31,0.0,0.0,845
2020-03-31,0.0,0.0,603
2020-03-31,1.0,0.0,5785
2020-03-31,1.0,0.0,15190
2020-03-31,1.0,0.0,2178
2020-03-31,0.0,0.0,6750
2020-03-31,0.0,0.0,3332
2020-04-01,1.0,0.0,3062
2020-04-01,0.0,1.0,1550
2020-04-01,4.0,3.0,18648
2020-04-01,0.0,0.0,3500
2020-04-01,1.0,1.0,5343
2020-04-01,0.0,0.0,532
2020-04-01,0.0,0.0,562
2020-04-01,0.0,1.0,7732
2020-04-02,4.0,0.0,3337
2020-04-02,0.0,1.0,6729
2020-04-02,0.0,0.0,990
2020-04-02,0.0,0.0,660
2020-04-02,0.0,0.0,37575
2020-04-02,1.0,2.0,2682
2020-04-02,0.0,1.0,1859
2020-04-02,0.0,1.0,17642
2020-04-02,1.0,0.0,23038
2020-04-03,0.0,1.0,6078
2020-04-03,0.0,0.0,371
2020-04-03,0.0,1.0,6887
2020-04-03,0.0,0.0,3362
2020-04-03,0.0,0.0,2056
2020-04-03,1.0,0.0,3116
2020-04-03,1.0,0.0,8004
2020-04-03,0.0,0.0,608
2020-04-03,0.0,0.0,3525
2020-04-04,2.0,0.0,4584
2020-04-04,0.0,0.0,2770
2020-04-04,0.0,0.0,6747
2020-04-04,1.0,0.0,4791
2020-04-04,0.0,0.0,29749
2020-04-05,0.0,0.0,2769
2020-04-05,0.0,0.0,1511
2020-04-06,0.0,0.0,2971
2020-04-06,0.0,-1.0,6627
2020-04-06,1.0,1.0,4165
2020-04-07,0.0,0.0,529
2020-04-07,1.0,0.0,35120
2020-04-07,0.0,0.0,599
2020-04-07,0.0,0.0,25455
2020-04-08,0.0,0.0,708
2020-04-08,0.0,0.0,5160
2020-04-08,0.0,1.0,2080
2020-04-08,1.0,0.0,2708
2020-04-08,0.0,0.0,2598
2020-04-08,0.0,1.0,3002
2020-04-08,1.0,0.0,2368
2020-04-08,1.0,1.0,3545
2020-04-08,1.0,2.0,4995
2020-04-08,1.0,0.0,4650
2020-04-08,1.0,0.0,27512
2020-04-08,0.0,0.0,651
2020-04-09,0.0,0.0,1041
2020-04-09,1.0,0.0,13343
2020-04-09,0.0,0.0,1989
2020-04-09,0.0,0.0,6078
2020-04-09,0.0,1.0,3709
2020-04-09,0.0,0.0,2746
2020-04-09,0.0,0.0,16956
2020-04-09,0.0,0.0,619
2020-04-09,2.0,0.0,4784
2020-04-09,0.0,0.0,397
2020-04-09,0.0,0.0,28528
2020-04-09,8.0,0.0,8348
2020-04-09,1.0,0.0,5942
2020-04-09,1.0,0.0,5005
2020-04-09,2.0,0.0,16636
2020-04-09,0.0,0.0,13442
2020-04-10,0.0,0.0,3780
2020-04-10,0.0,0.0,31626
2020-04-10,0.0,0.0,675
2020-04-10,0.0,0.0,478
2020-04-10,0.0,0.0,2796
2020-04-10,0.0,1.0,1990
2020-04-11,0.0,1.0,5711
2020-04-11,1.0,1.0,4460
2020-04-11,0.0,0.0,30181
2020-04-12,0.0,0.0,5143
2020-04-12,2.0,2.0,2385
2020-04-12,3.0,0.0,5904
2020-04-12,0.0,1.0,5161
2020-04-12,2.0,0.0,2676
2020-04-12,0.0,0.0,3736
2020-04-12,0.0,0.0,24412
2020-04-12,1.0,0.0,23460
2020-04-12,0.0,0.0,1773
2020-04-13,0.0,0.0,4292
2020-04-13,0.0,0.0,544
2020-04-13,0.0,0.0,410
2020-04-13,0.0,0.0,1038
2020-04-13,0.0,0.0,4769
2020-04-13,0.0,2.0,18924
2020-04-14,0.0,0.0,5928
2020-04-14,2.0,-2.0,8330
2020-04-14,0.0,1.0,4089
2020-04-14,1.0,-1.0,5442
2020-04-14,0.0,1.0,2172
2020-04-14,1.0,1.0,5967
2020-04-14,8.0,1.0,5284
2020-04-14,0.0,0.0,392
2020-04-14,0.0,0.0,717
2020-04-14,0.0,1.0,1443
2020-04-15,0.0,1.0,1405
2020-04-15,0.0,1.0,5254
2020-04-15,0.0,0.0,676
2020-04-15,2.0,0.0,30385
2020-04-15,0.0,0.0,507
2020-04-15,0.0,0.0,6499
2020-04-15,0.0,0.0,2297
2020-04-16,0.0,0.0,7363
2020-04-16,1.0,2.0,3841
2020-04-16,0.0,0.0,658
2020-04-16,0.0,0.0,466
2020-04-16,0.0,0.0,425
2020-04-16,0.0,0.0,26496
2020-04-16,0.0,0.0,7676
2020-04-17,0.0,0.0,947
2020-04-17,2.0,0.0,6217
2020-04-17,0.0,0.0,802
2020-04-17,0.0,2.0,2964
2020-04-17,2.0,0.0,2158
2020-04-17,0.0,0.0,7460
2020-04-17,0.0,0.0,720
2020-04-18,0.0,0.0,3787
2020-04-18,0.0,0.0,25171
2020-04-18,0.0,0.0,3353
2020-04-19,1.0,0.0,9168
2020-04-19,0.0,0.0,6083
2020-04-19,0.0,1.0,4705
2020-04-19,2.0,0.0,12187
2020-04-19,1.0,0.0,19301
2020-04-19,0.0,0.0,3911
2020-04-19,0.0,0.0,7348
2020-04-19,1.0,1.0,20301
2020-04-19,2.0,0.0,19736
2020-04-19,2.0,0.0,23451
2020-04-19,0.0,0.0,8281
2020-04-19,0.0,0.0,2371
2020-04-19,0.0,0.0,9915
2020-04-19,0.0,0.0,23389
2020-04-19,3.0,0.0,8330
2020-04-19,0.0,-1.0,14387
2020-04-20,0.0,0.0,7993
2020-04-20,1.0,0.0,2766
2020-04-20,0.0,1.0,16810
2020-04-20,1.0,2.0,1686
2020-04-20,0.0,1.0,1582
2020-04-20,0.0,0.0,476
2020-04-20,0.0,0.0,562
2020-04-20,1.0,0.0,8014
2020-04-20,1.0,2.0,2409
2020-04-20,0.0,1.0,39191
2020-04-21,0.0,0.0,519
2020-04-21,2.0,7.0,2989
2020-04-21,0.0,0.0,1444
2020-04-21,0.0,0.0,7287
2020-04-21,0.0,0.0,6529
2020-04-21,1.0,2.0,2321
2020-04-21,0.0,1.0,4077
2020-04-21,0.0,0.0,542
2020-04-21,0.0,0.0,32761
2020-04-22,0.0,2.0,5256
2020-04-22,0.0,1.0,2627
2020-04-22,0.0,0.0,4839
2020-04-22,0.0,0.0,508
2020-04-22,0.0,0.0,7965
2020-04-22,1.0,0.0,7332
2020-04-22,1.0,0.0,33418
2020-04-22,1.0,0.0,7348
2020-04-22,1.0,0.0,7840
2020-04-22,0.0,0.0,6817
2020-04-22,2.0,0.0,28455
2020-04-22,0.0,0.0,455
2020-04-22,0.0,1.0,1491
2020-04-22,0.0,0.0,8167
2020-04-23,0.0,1.0,4794
2020-04-23,0.0,0.0,703
2020-04-23,0.0,1.0,1306
2020-04-23,0.0,0.0,449
2020-04-23,1.0,0.0,7526
2020-04-24,0.0,0.0,567
2020-04-24,2.0,0.0,5205
2020-04-24,1.0,0.0,24433
2020-04-24,0.0,1.0,2785
2020-04-24,0.0,0.0,12213
2020-04-24,0.0,0.0,493
2020-04-24,0.0,1.0,7709
2020-04-24,3.0,0.0,1966
2020-04-25,0.0,1.0,1001
2020-04-25,2.0,0.0,3780
2020-04-26,1.0,1.0,2978
2020-04-26,2.0,0.0,8485
2020-04-26,1.0,0.0,2648
2020-04-26,0.0,0.0,5081
2020-04-26,0.0,0.0,13396
2020-04-26,0.0,0.0,9365
2020-04-26,0.0,1.0,2792
2020-04-26,0.0,0.0,2595
2020-04-26,1.0,0.0,2701
2020-04-26,1.0,0.0,38406
2020-04-26,0.0,0.0,3760
2020-04-27,0.0,0.0,469
2020-04-27,0.0,0.0,627
2020-04-27,1.0,0.0,28144
2020-04-27,1.0,1.0,3317
2020-04-27,11.0,0.0,6112
2020-04-27,1.0,0.0,7572
2020-04-27,3.0,1.0,2412
2020-04-27,0.0,0.0,9203
2020-04-27,1.0,1.0,32087
2020-04-28,0.0,0.0,14514
2020-04-28,1.0,0.0,12596
2020-04-28,0.0,0.0,4095
2020-04-28,0.0,0.0,4566
2020-04-28,0.0,0.0,819
2020-04-28,0.0,0.0,529
2020-04-28,1.0,1.0,5642
2020-04-28,0.0,1.0,3278
2020-04-28,1.0,0.0,22736
2020-04-28,0.0,1.0,938
2020-04-29,3.0,0.0,25604
2020-04-29,0.0,0.0,461
2020-04-29,0.0,0.0,509
2020-04-29,1.0,0.0,30314
2020-04-29,1.0,3.0,17278
2020-04-29,1.0,0.0,2834
2020-04-29,1.0,0.0,3862
2020-04-29,0.0,0.0,5504
2020-04-29,1.0,2.0,8382
2020-04-29,1.0,0.0,4208
2020-04-30,0.0,0.0,22580
2020-04-30,1.0,0.0,2900
2020-04-30,3.0,0.0,2001
2020-04-30,1.0,1.0,24279
2020-04-30,0.0,3.0,4158
2020-04-30,0.0,0.0,601
2020-04-30,1.0,1.0,4433
2020-04-30,1.0,1.0,10611
2020-04-30,1.0,0.0,13364
2020-04-30,0.0,1.0,6163
2020-04-30,0.0,2.0,2722
2020-04-30,0.0,-1.0,2727
2020-04-30,0.0,1.0,5655
2020-04-30,0.0,0.0,524
2020-05-01,1.0,0.0,10153
2020-05-01,0.0,0.0,2295
2020-05-01,0.0,0.0,5414
2020-05-01,0.0,0.0,1035
2020-05-02,0.0,1.0,2089
2020-05-02,1.0,0.0,45469
2020-05-02,1.0,0.0,2851
2020-05-02,1.0,1.0,31148
2020-05-02,0.0,0.0,4672
2020-05-02,0.0,1.0,4654
2020-05-03,0.0,0.0,32664
2020-05-03,0.0,0.0,6516
2020-05-03,0.0,0.0,4222
2020-05-03,1.0,0.0,6536
2020-05-03,0.0,0.0,3909
2020-05-03,0.0,-6.0,1274
2020-05-03,2.0,2.0,31220
2020-05-04,0.0,1.0,4221
2020-05-04,1.0,0.0,6357
2020-05-04,3.0,0.0,5221
2020-05-04,1.0,0.0,1468
2020-05-04,0.0,1.0,6403
2020-05-04,1.0,2.0,5846
2020-05-05,1.0,0.0,11582
2020-05-05,1.0,0.0,5280
2020-05-05,4.0,0.0,8176
2020-05-05,2.0,2.0,4798
2020-05-05,8.0,0.0,56701
2020-05-06,1.0,0.0,5153
2020-05-06,0.0,0.0,3239
2020-05-06,0.0,0.0,515
2020-05-06,0.0,0.0,396
2020-05-06,11.0,0.0,16146
2020-05-06,1.0,0.0,7752
2020-05-06,1.0,0.0,8126
2020-05-06,1.0,1.0,8321
2020-05-06,2.0,0.0,2804
2020-05-06,1.0,39.0,3913
2020-05-06,0.0,0.0,6266
2020-05-06,2.0,0.0,5196
2020-05-06,0.0,0.0,4747
2020-05-06,1.0,0.0,8922
2020-05-06,3.0,4.0,3483
2020-05-06,0.0,0.0,8410
2020-05-06,0.0,1.0,6572
2020-05-06,0.0,1.0,6842
2020-05-06,1.0,0.0,10965
2020-05-06,0.0,0.0,1732
2020-05-06,3.0,0.0,22336
2020-05-06,1.0,8.0,4066
2020-05-06,0.0,0.0,2986
2020-05-07,0.0,1.0,1392
2020-05-07,0.0,0.0,572
2020-05-07,2.0,1.0,27771
2020-05-07,0.0,0.0,4473
2020-05-07,1.0,0.0,3819
2020-05-07,0.0,0.0,7974
2020-05-07,0.0,0.0,5735
2020-05-07,0.0,0.0,6567
2020-05-07,2.0,0.0,5539
2020-05-07,1.0,2.0,4734
2020-05-07,0.0,0.0,498
2020-05-07,2.0,3.0,13707
2020-05-08,1.0,0.0,27042
2020-05-08,0.0,0.0,425
2020-05-08,0.0,0.0,746
2020-05-08,0.0,-1.0,6713
2020-05-08,0.0,2.0,6752
2020-05-08,0.0,1.0,1146
2020-05-09,0.0,0.0,5254
2020-05-09,2.0,2.0,4269
2020-05-09,0.0,0.0,5754
2020-05-09,1.0,1.0,2066
2020-05-09,1.0,0.0,40095
2020-05-09,0.0,0.0,8582
2020-05-10,0.0,1.0,1997
2020-05-10,1.0,0.0,2653
2020-05-11,0.0,0.0,5590
2020-05-11,0.0,0.0,578
2020-05-11,0.0,0.0,409
2020-05-11,0.0,0.0,1410
2020-05-11,0.0,0.0,6505
2020-05-11,1.0,0.0,14912
2020-05-11,0.0,0.0,1286
2020-05-11,0.0,2.0,7450
2020-05-12,0.0,0.0,5500
2020-05-12,0.0,0.0,6741
2020-05-12,1.0,0.0,3178
2020-05-12,1.0,0.0,3266
2020-05-12,0.0,0.0,40559
2020-05-12,0.0,0.0,3620
2020-05-12,1.0,0.0,44596
2020-05-12,0.0,0.0,4125
2020-05-12,0.0,0.0,438
2020-05-12,1.0,0.0,1428
2020-05-12,1.0,0.0,5958
2020-05-12,2.0,0.0,22420
2020-05-12,0.0,1.0,25159
2020-05-12,0.0,0.0,518
2020-05-12,1.0,0.0,5976
2020-05-12,0.0,0.0,5577
2020-05-12,2.0,1.0,2340
2020-05-12,2.0,0.0,1058
2020-05-12,5.0,1.0,2882
2020-05-12,0.0,0.0,17205
2020-05-12,0.0,0.0,2405
2020-05-12,1.0,6.0,2515
2020-05-12,0.0,2.0,6425
2020-05-13,0.0,0.0,3476
2020-05-13,2.0,1.0,4680
2020-05-13,0.0,0.0,2006
2020-05-13,0.0,0.0,284
2020-05-13,0.0,0.0,337
2020-05-13,0.0,0.0,26695
2020-05-13,0.0,1.0,1418
2020-05-13,1.0,0.0,6028
2020-05-14,0.0,0.0,535
2020-05-14,0.0,1.0,6982
2020-05-14,1.0,0.0,5177
2020-05-14,0.0,0.0,493
2020-05-14,0.0,0.0,2933
2020-05-14,0.0,0.0,9870
2020-05-14,0.0,0.0,15048
2020-05-14,0.0,1.0,1659
2020-05-15,1.0,0.0,2869
2020-05-15,0.0,0.0,417
2020-05-15,1.0,0.0,3671
2020-05-15,1.0,0.0,6603
2020-05-15,1.0,0.0,2937
2020-05-15,0.0,0.0,406
2020-05-15,1.0,0.0,61203
2020-05-15,0.0,0.0,36796
2020-05-15,1.0,0.0,6753
2020-05-15,1.0,0.0,5374
2020-05-16,0.0,0.0,5051
2020-05-16,1.0,0.0,32919
2020-05-16,1.0,0.0,28059
2020-05-16,1.0,0.0,9268
2020-05-16,1.0,0.0,11897
2020-05-16,0.0,0.0,15362
2020-05-17,0.0,0.0,5111
2020-05-17,1.0,1.0,5878
2020-05-17,3.0,2.0,2660
2020-05-17,0.0,0.0,6967
2020-05-17,3.0,0.0,5368
2020-05-17,3.0,0.0,4041
2020-05-17,0.0,0.0,2495
2020-05-17,1.0,0.0,9964
2020-05-17,0.0,0.0,12666
2020-05-17,2.0,0.0,1627
2020-05-17,2.0,1.0,2930
2020-05-17,1.0,0.0,8215
2020-05-18,0.0,1.0,5228
2020-05-18,0.0,0.0,2957
2020-05-18,0.0,0.0,10711
2020-05-18,0.0,0.0,23932
2020-05-18,0.0,1.0,1157
2020-05-18,0.0,0.0,452
2020-05-18,0.0,0.0,547
2020-05-18,0.0,0.0,9173
2020-05-18,3.0,0.0,5555
2020-05-18,1.0,1.0,4289
2020-05-18,3.0,1.0,4150
2020-05-18,1.0,0.0,4351
2020-05-18,1.0,0.0,39821
2020-05-18,0.0,0.0,12416
2020-05-18,0.0,0.0,3406
2020-05-18,2.0,0.0,5870
2020-05-18,1.0,0.0,6677
2020-05-18,3.0,1.0,1789
2020-05-19,0.0,0.0,29365
2020-05-19,0.0,0.0,11678
2020-05-19,1.0,0.0,9233
2020-05-19,2.0,1.0,5612
2020-05-19,1.0,0.0,4738
2020-05-19,0.0,0.0,485
2020-05-19,0.0,0.0,469
2020-05-19,0.0,1.0,1018
2020-05-19,2.0,2.0,5592
2020-05-19,0.0,1.0,5946
2020-05-19,0.0,0.0,11119
2020-05-19,1.0,0.0,6623
2020-05-19,2.0,-1.0,6744
2020-05-19,2.0,8.0,3039
2020-05-20,2.0,0.0,2589
2020-05-20,2.0,1.0,10306
2020-05-20,2.0,0.0,4307
2020-05-20,0.0,0.0,535
2020-05-20,0.0,0.0,398
2020-05-20,1.0,0.0,6334
2020-05-20,2.0,0.0,1566
2020-05-20,0.0,0.0,7169
2020-05-20,3.0,0.0,4365
2020-05-20,1.0,0.0,34318
2020-05-20,2.0,1.0,3710
2020-05-20,3.0,1.0,4370
2020-05-20,1.0,0.0,2959
2020-05-20,0.0,0.0,3967
2020-05-20,2.0,0.0,2302
2020-05-21,0.0,0.0,558
2020-05-21,1.0,0.0,7273
2020-05-21,1.0,0.0,30529
2020-05-21,0.0,0.0,3282
2020-05-21,0.0,0.0,2866
2020-05-21,9.0,0.0,3755
2020-05-21,10.0,0.0,8199
2020-05-21,0.0,0.0,5905
2020-05-21,1.0,1.0,1037
2020-05-21,1.0,3.0,5501
2020-05-21,0.0,0.0,20392
2020-05-21,1.0,0.0,29892
2020-05-21,1.0,0.0,5920
2020-05-21,0.0,0.0,521
2020-05-21,2.0,0.0,3072
2020-05-21,3.0,1.0,3074
2020-05-22,2.0,1.0,3674
2020-05-22,0.0,0.0,9686
2020-05-22,0.0,2.0,6543
2020-05-22,0.0,0.0,459
2020-05-22,0.0,0.0,415
2020-05-22,2.0,0.0,1217
2020-05-22,0.0,0.0,5108
2020-05-22,0.0,0.0,1591
2020-05-22,1.0,0.0,3177
2020-05-22,0.0,0.0,15302
2020-05-22,1.0,0.0,5998
2020-05-22,0.0,1.0,14582
2020-05-22,1.0,0.0,3730
2020-05-22,0.0,1.0,2168
2020-05-22,0.0,1.0,13948
2020-05-23,0.0,1.0,19430
2020-05-23,0.0,0.0,5581
2020-05-23,0.0,0.0,23295
2020-05-23,0.0,1.0,4271
2020-05-23,0.0,0.0,16951
2020-05-23,1.5,-6.0,2066
2020-05-23,0.0,0.0,3763
2020-05-23,0.0,1.0,5064
2020-05-23,0.0,0.0,5426
2020-05-24,1.0,0.0,28716
2020-05-25,0.0,0.0,485
2020-05-25,0.0,0.0,535
2020-05-25,9.0,0.0,2960
2020-05-25,1.0,0.0,3649
2020-05-26,0.0,0.0,528
2020-05-26,0.0,0.0,652
2020-05-27,64.0,1.0,1751
2020-05-27,0.0,0.0,534
2020-05-27,0.0,0.0,610
2020-05-28,0.0,0.0,550
2020-05-28,0.0,0.0,505
2020-05-28,0.0,1.0,3989
2020-05-29,0.0,0.0,506
2020-05-29,0.0,0.0,541
2020-05-29,1.0,0.0,32934
2020-05-31,1.0,1.0,23268
2020-05-31,1.0,1.0,6074
2020-06-01,0.0,1.0,2977
2020-06-01,0.0,0.0,2694
2020-06-01,0.0,0.0,2614
2020-06-01,0.0,0.0,452
2020-06-01,0.0,0.0,475
2020-06-02,0.0,0.0,10003
2020-06-02,0.0,0.0,505
2020-06-02,0.0,0.0,754
2020-06-02,2.0,0.0,12761
2020-06-02,1.0,1.0,39732
2020-06-03,0.0,0.0,57071
2020-06-03,0.0,5.0,3233
2020-06-03,0.0,0.0,642
2020-06-03,0.0,0.0,443
2020-06-03,0.0,0.0,8737
2020-06-04,0.0,0.0,495
2020-06-04,0.0,0.0,1822
2020-06-04,0.0,1.0,1607
2020-06-04,0.0,1.0,2640
2020-06-04,0.0,1.0,3431
2020-06-04,1.0,0.0,6182
2020-06-04,0.0,0.0,710
2020-06-05,1.0,0.0,11836
2020-06-05,0.0,0.0,694
2020-06-05,0.0,0.0,539
2020-06-05,0.0,1.0,876
2020-06-05,1.0,0.0,2638
2020-06-05,4.0,0.0,4576
2020-06-05,2.0,0.0,7746
2020-06-06,6.0,8.0,1433
2020-06-06,2.0,0.0,2859
2020-06-07,2.0,1.0,16382
2020-06-07,3.0,5.0,2916
2020-06-08,0.0,0.0,476
2020-06-08,1.0,0.0,2688
2020-06-08,0.0,0.0,1893
2020-06-08,0.0,0.0,6818
2020-06-08,0.0,0.0,23754
2020-06-08,0.0,0.0,860
2020-06-09,2.0,0.0,2269
2020-06-09,0.0,0.0,524
2020-06-09,0.0,0.0,528
2020-06-10,0.0,1.0,1055
2020-06-10,0.0,0.0,562
2020-06-10,0.0,0.0,590
2020-06-10,1.0,0.0,4472
2020-06-11,0.0,0.0,551
2020-06-11,0.0,0.0,10667
2020-06-11,0.0,0.0,500
2020-06-11,1.0,1.0,8097
2020-06-11,1.0,0.0,1846
2020-06-12,0.0,0.0,536
2020-06-12,1.0,0.0,709
2020-06-13,1.0,0.0,3744
2020-06-13,1.0,0.0,1774
2020-06-13,0.0,0.0,4773
2020-06-13,0.0,0.0,5852
2020-06-13,0.0,2.0,2362
2020-06-14,1.0,0.0,2544
2020-06-14,1.0,0.0,7182
2020-06-14,0.0,0.0,2627
2020-06-15,0.0,0.0,3881
2020-06-15,0.0,0.0,9541
2020-06-15,0.0,0.0,820
2020-06-15,0.0,0.0,2293
2020-06-15,0.0,0.0,2659
2020-06-15,0.0,0.0,2303
2020-06-15,1.0,0.0,18010
2020-06-15,0.0,0.0,593
2020-06-16,1.0,0.0,982
2020-06-16,0.0,0.0,3908
2020-06-16,1.0,0.0,1437
2020-06-16,1.0,0.0,3812
2020-06-16,0.0,0.0,518
2020-06-16,0.0,0.0,542
2020-06-16,0.0,1.0,982
2020-06-16,1.0,0.0,4645
2020-06-16,1.0,0.0,8179
2020-06-17,0.0,0.0,613
2020-06-17,0.0,1.0,957
2020-06-17,0.0,0.0,11676
2020-06-17,0.0,1.0,2473
2020-06-17,0.0,1.0,1705
2020-06-17,0.0,0.0,5259
2020-06-17,0.0,3.0,3989
2020-06-17,1.0,0.0,5376
2020-06-17,0.0,9.0,2734
2020-06-17,0.0,0.0,4167
2020-06-17,0.0,0.0,9897
2020-06-17,0.0,0.0,522
2020-06-18,0.0,0.0,484
2020-06-18,0.0,0.0,510
2020-06-18,1.0,0.0,6471
2020-06-18,1.0,0.0,2602
2020-06-18,0.0,3.0,2583
2020-06-19,1.0,0.0,651
2020-06-19,0.0,0.0,456
2020-06-19,0.0,1.0,1210
2020-06-19,0.0,3.0,1784
2020-06-19,3.0,0.0,4217
2020-06-19,0.0,1.0,2543
2020-06-20,2.0,0.0,5731
2020-06-20,0.0,0.0,23760
2020-06-21,0.0,0.0,1930
2020-06-22,0.0,0.0,6850
2020-06-22,0.0,0.0,4210
2020-06-22,0.0,0.0,1945
2020-06-22,0.0,0.0,576
2020-06-22,0.0,0.0,597
2020-06-22,0.0,1.0,631
2020-06-22,0.0,1.0,3096
2020-06-22,0.0,0.0,3987
2020-06-23,0.0,0.0,595
2020-06-23,0.0,0.0,579
2020-06-23,0.0,1.0,2665
2020-06-23,0.0,1.0,1547
2020-06-23,1.0,3.0,1555
2020-06-24,0.0,0.0,5473
2020-06-24,0.0,0.0,537
2020-06-24,0.0,0.0,2321
2020-06-24,0.0,0.0,572
2020-06-25,0.0,1.0,7360
2020-06-25,0.0,0.0,6058
2020-06-25,1.0,0.0,10582
2020-06-26,3.0,0.0,5711
2020-06-26,1.0,0.0,3407
2020-06-26,3.0,0.0,2257
2020-06-26,3.0,0.0,126000
2020-06-26,0.0,0.0,14195
2020-06-26,0.0,0.0,14573
2020-06-26,0.0,0.0,42642
2020-06-26,0.0,0.0,11395
2020-06-26,2.0,0.0,12214
2020-06-27,0.0,0.0,4914
2020-06-27,2.0,1.0,2334
2020-06-27,0.0,2.0,3173
2020-06-27,0.0,0.0,30154
2020-06-27,0.0,1.0,2110
2020-06-27,0.0,1.0,2225
2020-06-27,0.0,0.0,14423
2020-06-27,0.0,1.0,1548
2020-06-27,0.0,1.0,1866
2020-06-28,2.0,0.0,16816
2020-06-28,2.0,1.0,27700
2020-06-29,0.0,0.0,548
2020-06-29,0.0,0.0,407
2020-06-29,0.0,0.0,11413
2020-06-29,0.0,1.0,13574
2020-06-29,1.0,0.0,2111
2020-06-29,0.0,1.0,1782
2020-06-29,0.0,0.0,9484
2020-06-29,1.0,2.0,2692
2020-06-29,1.0,72.0,5794
2020-06-29,1.0,0.0,3220
2020-06-29,1.0,0.0,3304
2020-06-30,0.0,0.0,4775
2020-06-30,0.0,0.0,679
2020-06-30,3.0,0.0,5085
2020-06-30,0.0,0.0,517
2020-06-30,0.0,0.0,3858
2020-06-30,0.0,0.0,4277
2020-06-30,1.0,0.0,2571
2020-07-01,2.0,1.0,4449
2020-07-01,0.0,0.0,1890
2020-07-01,0.0,0.0,908
2020-07-01,0.0,0.0,579
2020-07-02,0.0,0.0,3502
2020-07-02,1.0,2.0,1936
2020-07-02,0.0,0.0,701
2020-07-02,0.0,0.0,12756
2020-07-02,0.0,0.0,928
2020-07-03,0.0,1.0,1760
2020-07-03,0.0,1.0,4333
2020-07-03,0.0,0.0,53518
2020-07-03,0.0,0.0,749
2020-07-03,0.0,0.0,591
2020-07-03,0.0,0.0,15163
2020-07-03,3.0,0.0,1693
2020-07-04,1.0,0.0,16354
2020-07-04,1.0,0.0,15545
2020-07-04,0.0,0.0,18613
2020-07-04,0.0,0.0,9357
2020-07-04,1.0,0.0,22882
2020-07-04,0.0,0.0,12875
2020-07-05,0.0,0.0,22907
2020-07-05,0.0,0.0,4562
2020-07-06,0.0,0.0,7650
2020-07-06,0.0,0.0,870
2020-07-06,0.0,0.0,603
2020-07-06,0.0,0.0,3961
2020-07-06,0.0,0.0,4605
2020-07-07,0.0,0.0,4812
2020-07-07,0.0,0.0,686
2020-07-07,0.0,0.0,764
2020-07-08,0.0,0.0,1053
2020-07-08,0.0,0.0,758
2020-07-08,1.0,0.0,9828
2020-07-08,1.0,0.0,6457
2020-07-08,0.0,0.0,7114
2020-07-08,0.0,0.0,12079
2020-07-08,0.0,0.0,1286
2020-07-08,9.0,0.0,3325
2020-07-09,0.0,0.0,34577
2020-07-09,1.0,0.0,1719
2020-07-09,0.0,2.0,2066
2020-07-09,-1.0,0.0,3158
2020-07-09,0.0,0.0,23762
2020-07-09,0.0,1.0,1656
2020-07-09,0.0,0.0,538
2020-07-09,0.0,0.0,977
2020-07-09,0.0,0.0,1791
2020-07-10,0.0,0.0,623
2020-07-10,0.0,1.0,2194
2020-07-10,0.0,0.0,9192
2020-07-10,5.0,0.0,2788
2020-07-10,0.0,0.0,610
2020-07-11,0.0,0.0,6868
2020-07-11,0.0,0.0,21703
2020-07-11,1.0,0.0,51591
2020-07-11,1.0,0.0,12370
2020-07-11,0.0,-1.0,5309
2020-07-11,1.0,0.0,7487
2020-07-11,0.0,0.0,6197
2020-07-12,1.0,0.0,34448
2020-07-12,0.0,0.0,24181
2020-07-12,9.0,1.0,3934
2020-07-12,0.0,1.0,2601
2020-07-12,0.0,1.0,5108
2020-07-12,0.0,0.0,9668
2020-07-12,0.0,0.0,5268
2020-07-12,1.0,0.0,466
2020-07-12,0.0,0.0,18233
2020-07-13,-1.0,0.0,8322
2020-07-13,1.0,6.0,2779
2020-07-13,0.0,1.0,13656
2020-07-13,0.0,0.0,9850
2020-07-13,1.0,0.0,7409
2020-07-13,0.0,0.0,3899
2020-07-13,0.0,0.0,8590
2020-07-13,0.0,0.0,562
2020-07-13,4.0,0.0,5354
2020-07-13,4.0,1.0,4930
2020-07-13,0.0,0.0,8045
2020-07-13,0.0,0.0,562
2020-07-13,1.0,0.0,12805
2020-07-13,0.0,1.0,766
2020-07-14,2.0,0.0,5346
2020-07-14,0.0,2.0,1217
2020-07-14,1.0,0.0,3048
2020-07-14,0.0,3.0,4172
2020-07-14,0.0,1.0,29646
2020-07-14,0.0,0.0,21639
2020-07-14,1.0,0.0,16684
2020-07-14,1.0,0.0,37394
2020-07-14,1.0,0.0,12626
2020-07-14,0.0,0.0,522
2020-07-14,0.0,0.0,579
2020-07-14,2.0,0.0,4427
2020-07-14,1.0,0.0,62800
2020-07-15,1.0,0.0,9124
2020-07-15,0.0,0.0,4860
2020-07-15,0.0,0.0,1448
2020-07-15,0.0,0.0,18659
2020-07-15,1.0,0.0,5789
2020-07-15,1.0,0.0,5765
2020-07-15,0.0,0.0,7169
2020-07-15,1.0,0.0,6451
2020-07-15,0.0,0.0,875
2020-07-15,0.0,0.0,655
2020-07-16,1.0,0.0,10827
2020-07-16,0.0,0.0,705
2020-07-16,0.0,0.0,659
2020-07-16,0.0,3.0,6603
2020-07-17,0.0,0.0,690
2020-07-17,1.0,0.0,6305
2020-07-17,0.0,0.0,4465
2020-07-17,0.0,0.0,7125
2020-07-17,0.0,1.0,4635
2020-07-17,1.0,0.0,1758
2020-07-17,1.0,0.0,9001
2020-07-18,1.0,0.0,4413
2020-07-19,0.0,0.0,9314
2020-07-20,0.0,0.0,745
2020-07-20,0.0,0.0,573
2020-07-21,0.0,0.0,626
2020-07-21,0.0,0.0,621
2020-07-22,0.0,0.0,723
2020-07-22,0.0,0.0,598
2020-07-22,0.0,1.0,2361
2020-07-23,0.0,0.0,8071
2020-07-23,0.0,0.0,775
2020-07-23,0.0,0.0,634
2020-07-23,0.0,1.0,1269
2020-07-23,0.0,0.0,2890
2020-07-23,0.0,0.0,2545
2020-07-23,0.0,0.0,4212
2020-07-23,0.0,0.0,3426
2020-07-23,0.0,0.0,4628
2020-07-23,0.0,0.0,3252
2020-07-24,0.0,1.0,2047
2020-07-24,0.0,0.0,636
2020-07-24,0.0,1.0,3204
2020-07-24,0.0,1.0,1260
2020-07-24,6.0,0.0,2842
2020-07-24,0.0,0.0,1789
2020-07-24,0.0,1.0,2805
2020-07-24,6.0,0.0,4207
2020-07-24,0.0,0.0,844
2020-07-24,0.0,0.0,3113
2020-07-24,1.0,0.0,2373
2020-07-25,0.0,0.0,5490
2020-07-25,0.0,0.0,5658
2020-07-25,0.0,0.0,28416
2020-07-25,0.0,1.0,2322
2020-07-26,0.0,0.0,50951
2020-07-26,1.0,1.0,2282
2020-07-26,2.0,1.0,4435
2020-07-27,0.0,3.0,2656
2020-07-27,0.0,0.0,24632
2020-07-27,0.0,0.0,698
2020-07-27,1.0,0.0,101000
2020-07-27,1.0,0.0,54593
2020-07-27,1.0,0.0,2742
2020-07-27,0.0,1.0,1773
2020-07-27,8.0,1.0,4586
2020-07-27,0.0,0.0,685
2020-07-27,0.0,0.0,10559
2020-07-28,0.0,0.0,491
2020-07-28,0.0,0.0,377
2020-07-28,0.0,1.0,4770
2020-07-28,0.0,0.0,3900
2020-07-28,1.0,0.0,5783
2020-07-28,0.0,0.0,3190
2020-07-28,2.0,0.0,5747
2020-07-28,0.0,0.0,4703
2020-07-28,0.0,0.0,6135
2020-07-28,1.0,0.0,4573
2020-07-29,0.0,0.0,16514
2020-07-29,0.0,0.0,7552
2020-07-29,0.0,0.0,6891
2020-07-29,1.0,0.0,4295
2020-07-29,0.0,0.0,9414
2020-07-29,0.0,0.0,3268
2020-07-29,0.0,0.0,5500
2020-07-29,0.0,1.0,4205
2020-07-29,0.0,1.0,1479
2020-07-29,0.0,0.0,541
2020-07-29,0.0,0.0,640
2020-07-30,1.0,0.0,7287
2020-07-30,0.0,1.0,2922
2020-07-30,0.0,0.0,2408
2020-07-30,0.0,1.0,835
2020-07-30,0.0,0.0,385
2020-07-30,0.0,0.0,586
2020-07-30,0.0,0.0,19160
2020-07-30,0.0,0.0,3648
2020-07-30,0.0,0.0,1834
2020-07-30,0.0,-1.0,2913
2020-07-31,0.0,0.0,5308
2020-07-31,0.0,1.0,3497
2020-07-31,1.0,0.0,5222
2020-07-31,0.0,1.0,5055
2020-07-31,4.0,0.0,1669
2020-07-31,0.0,1.0,2084
2020-07-31,0.0,0.0,537
2020-07-31,0.0,0.0,486
2020-07-31,0.0,0.0,1437
2020-07-31,0.0,1.0,2155
2020-07-31,0.0,0.0,13497
2020-07-31,0.0,1.0,5313
2020-07-31,1.0,0.0,2790
2020-08-01,5.0,0.0,3472
2020-08-01,0.0,3.0,4114
2020-08-02,3.0,0.0,2132
2020-08-02,0.0,0.0,4214
2020-08-02,0.0,0.0,2527
2020-08-03,7.0,1.0,5621
2020-08-03,0.0,0.0,25493
2020-08-03,1.0,0.0,4368
2020-08-03,0.0,0.0,4351
2020-08-03,1.0,0.0,6428
2020-08-03,1.0,0.0,8534
2020-08-03,1.0,0.0,12041
2020-08-03,1.0,0.0,795
2020-08-03,0.0,0.0,740
2020-08-04,1.0,0.0,10478
2020-08-04,1.0,0.0,4506
2020-08-04,0.0,0.0,1448
2020-08-04,0.0,0.0,6509
2020-08-04,0.0,1.0,1608
2020-08-04,0.0,0.0,513
2020-08-04,0.0,0.0,644
2020-08-04,1.0,3.0,6460
2020-08-04,1.0,0.0,3708
2020-08-05,0.0,0.0,2104
2020-08-05,1.0,0.0,9450
2020-08-05,1.0,0.0,3738
2020-08-05,0.0,0.0,5495
2020-08-05,0.0,0.0,730
2020-08-05,0.0,0.0,436
2020-08-05,0.0,0.0,13846
2020-08-05,2.0,0.0,5006
2020-08-05,1.0,0.0,195000
2020-08-05,0.0,0.0,2603
2020-08-06,0.0,0.0,2495
2020-08-06,2.0,0.0,2518
2020-08-06,0.0,0.0,2211
2020-08-06,1.0,2.0,3630
2020-08-06,0.0,0.0,6329
2020-08-06,0.0,0.0,1651
2020-08-06,0.0,1.0,2029
2020-08-06,0.0,0.0,7540
2020-08-06,0.0,0.0,20077
2020-08-06,2.0,0.0,10259
2020-08-06,0.0,0.0,493
2020-08-06,0.0,0.0,573
2020-08-06,1.0,0.0,18352
2020-08-06,2.0,0.0,5526
2020-08-06,2.0,0.0,7063
2020-08-06,0.0,0.0,6444
2020-08-07,1.0,0.0,7181
2020-08-07,0.0,0.0,552
2020-08-07,2.0,0.0,10034
2020-08-07,0.0,0.0,677
2020-08-07,1.0,1.0,3561
2020-08-07,1.0,0.0,15606
2020-08-07,0.0,1.0,22137
2020-08-07,1.0,1.0,19594
2020-08-07,1.0,0.0,3055
2020-08-08,3.0,1.0,13403
2020-08-08,1.0,0.0,5694
2020-08-08,0.0,0.0,4963
2020-08-08,0.0,0.0,1628
2020-08-09,0.0,0.0,5451
2020-08-09,2.0,0.0,5536
2020-08-09,0.0,0.0,4988
2020-08-09,0.0,0.0,7926
2020-08-09,0.0,0.0,6244
2020-08-09,2.0,0.0,6337
2020-08-10,0.0,0.0,554
2020-08-10,0.0,1.0,3855
2020-08-10,0.0,0.0,714
2020-08-10,1.0,0.0,20347
2020-08-10,3.0,4.0,3945
2020-08-10,5.0,0.0,5657
2020-08-11,1.0,0.0,41126
2020-08-11,1.0,0.0,13884
2020-08-11,0.0,0.0,574
2020-08-11,1.0,1.0,3258
2020-08-11,2.0,0.0,13391
2020-08-11,1.0,0.0,30177
2020-08-11,1.0,0.0,8717
2020-08-11,1.0,0.0,5932
2020-08-11,0.0,0.0,792
2020-08-12,0.0,1.0,4743
2020-08-12,0.0,0.0,776
2020-08-12,0.0,0.0,649
2020-08-12,1.0,0.0,16571
2020-08-12,0.0,0.0,3647
2020-08-12,0.0,0.0,7058
2020-08-12,1.0,0.0,12545
2020-08-13,0.0,0.0,573
2020-08-13,0.0,0.0,3848
2020-08-13,1.0,0.0,5042
2020-08-13,0.0,0.0,3598
2020-08-13,0.0,0.0,4752
2020-08-13,3.0,2.0,22752
2020-08-13,0.0,0.0,6720
2020-08-13,0.0,0.0,678
2020-08-14,0.0,0.0,1744
2020-08-14,0.0,1.0,11796
2020-08-14,0.0,0.0,3193
2020-08-14,6.0,0.0,1550
2020-08-14,0.0,0.0,702
2020-08-14,0.0,0.0,504
2020-08-14,0.0,1.0,6820
2020-08-14,0.0,1.0,1498
2020-08-14,0.0,0.0,344
2020-08-15,1.0,0.0,5763
2020-08-15,1.0,0.0,5127
2020-08-15,1.0,0.0,1350
2020-08-15,1.0,0.0,2417
2020-08-15,0.0,8.0,4718
2020-08-15,1.0,0.0,5352
2020-08-15,0.0,1.0,5377
2020-08-16,0.0,0.0,6088
2020-08-16,1.0,1.0,4205
2020-08-17,1.0,1.0,5859
2020-08-17,0.0,0.0,5308
2020-08-17,0.0,0.0,6590
2020-08-17,1.0,0.0,16403
2020-08-17,0.0,0.0,2277
2020-08-17,0.0,1.0,4573
2020-08-17,1.0,0.0,58978
2020-08-17,1.0,0.0,12127
2020-08-17,0.0,0.0,397
2020-08-17,0.0,0.0,569
2020-08-17,4.0,0.0,4862
2020-08-17,0.0,0.0,2488
2020-08-18,0.0,0.0,373
2020-08-18,1.0,1.0,3259
2020-08-18,0.0,0.0,473
2020-08-19,0.0,0.0,4242
2020-08-19,1.0,0.0,15970
2020-08-19,1.0,1.0,95245
2020-08-19,0.0,0.0,4675
2020-08-19,0.0,0.0,487
2020-08-19,0.0,0.0,576
2020-08-19,0.0,1.0,17843
2020-08-19,0.0,0.0,11405
2020-08-19,1.0,1.0,10272
2020-08-19,1.0,1.0,1836
2020-08-19,0.0,1.0,5576
2020-08-19,0.0,0.0,3856
2020-08-19,1.0,1.0,4575
2020-08-19,1.0,1.0,2360
2020-08-20,0.0,1.0,2180
2020-08-20,5.0,0.0,4081
2020-08-20,1.0,0.0,23373
2020-08-20,0.0,1.0,2674
2020-08-20,0.0,1.0,6140
2020-08-20,1.0,1.0,2805
2020-08-20,4.0,0.0,4357
2020-08-20,0.0,0.0,5547
2020-08-20,0.0,0.0,512
2020-08-20,0.0,0.0,516
2020-08-20,10.0,0.0,4499
2020-08-21,0.0,0.0,3260
2020-08-21,0.0,0.0,763
2020-08-21,0.0,0.0,672
2020-08-21,1.0,0.0,3535
2020-08-21,0.0,0.0,4163
2020-08-21,0.0,0.0,7181
2020-08-21,0.0,0.0,6248
2020-08-21,0.0,0.0,3989
2020-08-21,0.0,0.0,2854
2020-08-21,1.0,5.0,4557
2020-08-21,2.0,0.0,7296
2020-08-21,0.0,1.0,9888
2020-08-22,0.0,0.0,2477
2020-08-22,1.0,1.0,27657
2020-08-22,1.0,0.0,2656
2020-08-23,2.0,0.0,3922
2020-08-23,-1.0,0.0,5773
2020-08-23,1.0,0.0,5152
2020-08-23,1.0,0.0,2075
2020-08-23,0.0,0.0,1597
2020-08-24,0.0,0.0,640
2020-08-24,3.0,4.0,4443
2020-08-24,1.0,0.0,2474
2020-08-24,0.0,0.0,3662
2020-08-24,6.0,0.0,5832
2020-08-24,0.0,0.0,487
2020-08-24,0.0,1.0,2583
2020-08-25,1.0,0.0,5988
2020-08-25,0.0,0.0,18736
2020-08-25,0.0,0.0,514
2020-08-25,0.0,0.0,3601
2020-08-25,0.0,0.0,659
2020-08-25,0.0,0.0,2143
2020-08-26,1.0,0.0,3415
2020-08-26,0.0,48.0,4774
2020-08-26,0.0,0.0,1793
2020-08-26,1.0,0.0,7673
2020-08-26,0.0,1.0,25792
2020-08-26,0.0,0.0,515
2020-08-26,0.0,1.0,13592
2020-08-26,0.0,0.0,624
2020-08-27,1.0,0.0,52212
2020-08-27,1.0,0.0,4334
2020-08-27,6.0,0.0,16628
2020-08-27,0.0,1.0,12155
2020-08-27,2.0,0.0,6643
2020-08-27,0.0,0.0,1534
2020-08-27,0.0,0.0,604
2020-08-27,0.0,0.0,432
2020-08-27,1.0,0.0,10121
2020-08-27,1.0,1.0,9161
2020-08-27,1.0,0.0,8976
2020-08-28,0.0,0.0,658
2020-08-28,0.0,1.0,9677
2020-08-28,1.0,2.0,2689
2020-08-28,0.0,5.0,2671
2020-08-28,0.0,0.0,594
2020-08-28,0.0,0.0,9125
2020-08-28,0.0,2.0,2020
2020-08-28,0.0,0.0,2284
2020-08-29,0.0,0.0,6266
2020-08-29,0.0,0.0,2964
2020-08-30,1.0,0.0,30345
2020-08-30,0.0,0.0,24831
2020-08-30,0.0,0.0,1943
2020-08-30,1.0,0.0,40043
2020-08-31,0.0,0.0,23790
2020-08-31,0.0,0.0,886
2020-08-31,0.0,0.0,9953
2020-08-31,0.0,0.0,601
2020-08-31,0.0,0.0,2082
2020-09-01,0.0,0.0,30066
2020-09-01,1.0,0.0,4994
2020-09-01,1.0,0.0,3770
2020-09-01,1.0,1.0,29921
2020-09-01,0.0,0.0,731
2020-09-01,0.0,0.0,497
2020-09-01,0.0,0.0,40010
2020-09-02,1.0,1.0,22689
2020-09-02,1.0,0.0,9788
2020-09-02,0.0,0.0,2057
2020-09-02,0.0,0.0,812
2020-09-02,1.0,0.0,4016
2020-09-02,8.0,3.0,4739
2020-09-02,0.0,0.0,653
2020-09-03,0.0,0.0,1594
2020-09-03,0.0,0.0,574
2020-09-03,0.0,0.0,3909
2020-09-03,0.0,0.0,544
2020-09-04,0.0,0.0,16758
2020-09-04,1.0,0.0,7326
2020-09-04,0.0,0.0,695
2020-09-04,0.0,0.0,1802
2020-09-04,0.0,0.0,562
2020-09-05,9.0,0.0,6463
2020-09-05,0.0,0.0,35595
2020-09-05,0.0,0.0,2025
2020-09-06,1.0,1.0,13539
2020-09-06,1.0,0.0,10832
2020-09-06,0.0,0.0,38774
2020-09-06,0.0,0.0,1790
2020-09-06,0.0,1.0,10542
2020-09-06,1.0,1.0,8032
2020-09-07,0.0,0.0,6477
2020-09-07,3.0,0.0,4274
2020-09-07,0.0,0.0,530
2020-09-07,0.0,0.0,679
2020-09-08,0.0,0.0,668
2020-09-08,0.0,0.0,546
2020-09-08,0.0,0.0,2523
2020-09-08,0.0,1.0,15210
2020-09-09,0.0,0.0,542
2020-09-09,0.0,0.0,598
2020-09-09,0.0,0.0,2769
2020-09-09,0.0,0.0,1508
2020-09-09,0.0,0.0,4471
2020-09-09,1.0,0.0,6518
2020-09-09,0.0,0.0,12057
2020-09-10,0.0,0.0,657
2020-09-10,0.0,0.0,637
2020-09-10,0.0,0.0,1682
2020-09-10,0.0,0.0,6308
2020-09-10,1.0,0.0,4999
2020-09-11,0.0,0.0,30210
2020-09-11,0.0,0.0,808
2020-09-11,0.0,0.0,7011
2020-09-11,0.0,0.0,3459
2020-09-11,0.0,0.0,3813
2020-09-11,0.0,0.0,1573
2020-09-11,0.0,0.0,666
2020-09-12,1.0,0.0,4770
2020-09-12,0.0,0.0,1793
2020-09-12,0.0,0.0,28094
2020-09-12,2.0,0.0,6354
2020-09-13,1.0,0.0,13848
2020-09-13,8.0,0.0,18637
2020-09-13,0.0,0.0,30701
2020-09-13,0.0,0.0,13011
2020-09-13,8.0,0.0,12393
2020-09-13,0.0,0.0,3708
2020-09-13,0.0,0.0,6587
2020-09-14,8.0,0.0,11768
2020-09-14,0.0,0.0,471
2020-09-14,1.0,0.0,7547
2020-09-14,0.0,0.0,821
2020-09-15,0.0,0.0,2435
2020-09-15,0.0,0.0,3162
2020-09-15,0.0,0.0,5772
2020-09-15,0.0,5.0,4858
2020-09-15,0.0,0.0,517
2020-09-15,0.0,0.0,616
2020-09-16,1.0,0.0,6302
2020-09-16,0.0,0.0,525
2020-09-16,0.0,0.0,1501
2020-09-16,0.0,0.0,432
2020-09-16,0.0,0.0,2001
2020-09-17,1.0,0.0,818
2020-09-17,0.0,0.0,1314
2020-09-17,0.0,0.0,2421
2020-09-17,0.0,0.0,557
2020-09-17,0.0,0.0,465
2020-09-18,0.0,0.0,781
2020-09-18,0.0,0.0,614
2020-09-18,0.0,0.0,7396
2020-09-18,1.0,0.0,896
2020-09-18,0.0,0.0,2605
2020-09-18,0.0,1.0,11918
2020-09-18,0.0,0.0,1498
2020-09-18,1.0,0.0,11811
2020-09-18,1.0,0.0,4771
2020-09-18,0.0,0.0,27924
2020-09-19,1.0,0.0,46112
2020-09-19,0.0,0.0,1457
2020-09-20,0.0,0.0,1436
2020-09-20,1.0,0.0,5830
2020-09-20,0.0,0.0,40422
2020-09-21,0.0,0.0,12371
2020-09-21,0.0,1.0,4752
2020-09-21,0.0,1.0,24436
2020-09-21,0.0,0.0,590
2020-09-21,1.0,0.0,647
2020-09-22,1.0,0.0,11467
2020-09-22,1.0,3.0,5261
2020-09-22,1.0,0.0,24771
2020-09-22,0.0,0.0,466
2020-09-22,0.0,0.0,1139
2020-09-22,0.0,1.0,18000
2020-09-22,0.0,0.0,12401
2020-09-22,0.0,0.0,10534
2020-09-22,1.0,2.0,15414
2020-09-22,1.0,0.0,4797
2020-09-22,1.0,0.0,2066
2020-09-22,0.0,0.0,390
2020-09-22,0.0,0.0,5472
2020-09-23,0.0,0.0,2166
2020-09-23,0.0,0.0,1631
2020-09-23,0.0,0.0,1134
2020-09-23,0.0,0.0,426
2020-09-23,0.0,0.0,4423
2020-09-23,1.0,0.0,44257
2020-09-23,0.0,0.0,1083
2020-09-23,0.0,0.0,437
2020-09-23,1.0,0.0,677
2020-09-24,0.0,1.0,6554
2020-09-24,0.0,0.0,758
2020-09-24,0.0,0.0,531
2020-09-24,0.0,0.0,8755
2020-09-24,0.0,0.0,495
2020-09-24,1.0,0.0,997
2020-09-24,1.0,0.0,15396
2020-09-24,0.0,8.0,25753
2020-09-24,0.0,0.0,981
2020-09-25,0.0,0.0,799
2020-09-25,0.0,0.0,898
2020-09-25,0.0,0.0,533
2020-09-25,0.0,0.0,496
2020-09-25,1.0,0.0,8751
2020-09-25,1.0,0.0,6537
2020-09-25,0.0,0.0,3909
2020-09-25,0.0,0.0,1134
2020-09-25,1.0,0.0,665
2020-09-25,1.0,0.0,7366
2020-09-25,0.0,0.0,10838
2020-09-25,0.0,1.0,8650
2020-09-25,1.0,0.0,28181
2020-09-25,1.0,0.0,28766
2020-09-25,0.0,0.0,21234
2020-09-25,0.0,0.0,48221
2020-09-26,2.0,0.0,34412
2020-09-26,0.0,0.0,1192
2020-09-26,0.0,1.0,4269
2020-09-26,0.0,0.0,5544
2020-09-26,0.0,0.0,3319
2020-09-26,1.0,1.0,4488
2020-09-26,0.0,0.0,24878
2020-09-26,0.0,0.0,34508
2020-09-27,2.0,0.0,27804
2020-09-27,0.0,0.0,1532
2020-09-28,0.0,0.0,1461
2020-09-28,0.0,0.0,467
2020-09-28,0.0,0.0,562
2020-09-28,1.0,0.0,11807
2020-09-28,1.0,0.0,7711
2020-09-28,0.0,2.0,6843
2020-09-28,0.0,16.0,2244
2020-09-28,0.0,0.0,672
2020-09-29,0.0,0.0,575
2020-09-29,0.0,0.0,508
2020-09-29,0.0,0.0,688
2020-09-29,1.0,2.0,5312
2020-09-29,1.0,0.0,638
2020-09-29,1.0,1.0,2869
2020-09-30,1.0,0.0,1201
2020-09-30,0.0,0.0,522
2020-09-30,0.0,0.0,520
2020-09-30,0.0,0.0,22747
2020-09-30,0.0,0.0,467
2020-09-30,0.0,0.0,2490
2020-09-30,0.0,0.0,7552
2020-09-30,0.0,0.0,1473
2020-09-30,1.0,0.0,542
2020-09-30,0.0,0.0,18379
2020-10-01,2.0,0.0,7345
2020-10-02,1.0,0.0,7260
2020-10-06,1.0,1.0,5994
2020-10-06,0.0,0.0,3321
2020-10-06,7.0,1.0,5837
2020-10-08,0.0,0.0,1086
2020-10-08,2.0,0.0,28115
2020-10-09,1.0,0.0,805
2020-10-09,0.0,0.0,574
2020-10-09,0.0,0.0,11305
2020-10-09,0.0,0.0,1276
2020-10-09,0.0,0.0,534
2020-10-09,1.0,1.0,4428
2020-10-09,0.0,1.0,11668
2020-10-09,0.0,0.0,8652
2020-10-10,3.0,1.0,6309
2020-10-10,1.0,0.0,1130
2020-10-10,1.0,0.0,3510
2020-10-10,0.0,0.0,1164
2020-10-10,1.0,0.0,5255
2020-10-10,3.0,0.0,4344
2020-10-10,0.0,0.0,8447
2020-10-10,0.0,4.0,4589
2020-10-10,1.0,1.0,4510
2020-10-10,0.0,0.0,31520
2020-10-10,0.0,0.0,6431
2020-10-11,2.0,0.0,3273
2020-10-11,2.0,0.0,6883
2020-10-11,1.0,0.0,2134
2020-10-11,0.0,1.0,5049
2020-10-11,1.0,1.0,25794
2020-10-11,0.0,1.0,25570
2020-10-11,0.0,0.0,28493
2020-10-11,0.0,0.0,12155
2020-10-11,0.0,0.0,7528
2020-10-11,0.0,0.0,3121
2020-10-11,0.0,0.0,2126
2020-10-11,0.0,0.0,1146
2020-10-11,1.0,0.0,9873
2020-10-11,0.0,0.0,7833
2020-10-12,0.0,1.0,17378
2020-10-12,1.0,0.0,28556
2020-10-12,0.0,0.0,479
2020-10-12,1.0,1.0,28008
2020-10-12,0.0,0.0,623
2020-10-12,0.0,0.0,664
2020-10-12,0.0,0.0,946
2020-10-12,0.0,0.0,443
2020-10-12,0.0,0.0,1974
2020-10-12,1.0,1.0,14308
2020-10-12,1.0,0.0,4510
2020-10-13,0.0,0.0,574
2020-10-13,0.0,0.0,16177
2020-10-13,1.0,0.0,666
2020-10-13,0.0,0.0,3245
2020-10-13,0.0,0.0,685
2020-10-13,0.0,0.0,448
2020-10-13,1.0,0.0,22473
2020-10-13,0.0,0.0,29546
2020-10-13,0.0,0.0,596
2020-10-14,1.0,0.0,871
2020-10-14,1.0,0.0,43054
2020-10-14,0.0,0.0,573
2020-10-14,0.0,0.0,463
2020-10-14,0.0,0.0,454
2020-10-14,0.0,0.0,1135
2020-10-14,0.0,0.0,640
2020-10-15,0.0,0.0,519
2020-10-15,1.0,0.0,632
2020-10-15,1.0,0.0,4012
2020-10-15,0.0,0.0,584
2020-10-15,0.0,0.0,848
2020-10-15,0.0,0.0,818
2020-10-15,0.0,0.0,9168
2020-10-15,0.0,0.0,530
2020-10-15,0.0,0.0,5115
2020-10-15,0.0,0.0,1273
2020-10-15,2.0,0.0,8104
2020-10-15,0.0,1.0,3050
2020-10-16,1.0,0.0,4868
2020-10-16,1.0,0.0,476
2020-10-16,0.0,1.0,2325
2020-10-16,0.0,0.0,771
2020-10-16,0.0,0.0,481
2020-10-16,0.0,1.0,3214
2020-10-16,0.0,0.0,27883
2020-10-16,0.0,0.0,44956
2020-10-16,0.0,1.0,4886
2020-10-16,0.0,2.0,6304
2020-10-16,0.0,0.0,555
2020-10-16,0.0,0.0,437
2020-10-16,0.0,0.0,1188
2020-10-16,3.0,0.0,2392
2020-10-17,0.0,0.0,4814
2020-10-17,0.0,1.0,5283
2020-10-17,0.0,0.0,41279
2020-10-17,0.0,0.0,29270
2020-10-17,0.0,0.0,1311
2020-10-17,0.0,0.0,9201
2020-10-17,0.0,1.0,4737
2020-10-17,0.0,1.0,2454
2020-10-18,0.0,0.0,43017
2020-10-18,0.0,1.0,1919
2020-10-18,0.0,0.0,1171
2020-10-18,0.0,0.0,16245
2020-10-18,0.0,2.0,2253
2020-10-18,0.0,1.0,3024
2020-10-18,0.0,1.0,2496
2020-10-19,0.0,0.0,16627
2020-10-19,0.0,0.0,2352
2020-10-19,7.0,0.0,23022
2020-10-19,0.0,1.0,2660
2020-10-19,2.0,0.0,20834
2020-10-19,0.0,0.0,1797
2020-10-19,1.0,0.0,515
2020-10-19,0.0,0.0,454
2020-10-19,0.0,0.0,426
2020-10-19,0.0,0.0,504
2020-10-19,0.0,0.0,13952
2020-10-19,0.0,1.0,2511
2020-10-19,1.0,0.0,11398
2020-10-19,1.0,0.0,2617
2020-10-19,0.0,0.0,14066
2020-10-19,0.0,0.0,458
2020-10-20,0.0,0.0,51482
2020-10-20,0.0,0.0,3452
2020-10-20,0.0,1.0,3999
2020-10-20,2.0,0.0,3118
2020-10-20,0.0,0.0,1003
2020-10-20,1.0,0.0,1114
2020-10-20,1.0,0.0,31250
2020-10-20,0.0,0.0,585
2020-10-20,1.0,1.0,2847
2020-10-20,1.0,0.0,1474
2020-10-20,0.0,0.0,13714
2020-10-20,1.0,0.0,6509
2020-10-20,1.0,0.0,631
2020-10-20,0.0,0.0,451
2020-10-20,0.0,0.0,456
2020-10-20,0.0,0.0,557
2020-10-20,0.0,1.0,1566
2020-10-21,0.0,0.0,351
2020-10-21,0.0,0.0,1080
2020-10-21,0.0,0.0,5686
2020-10-21,1.0,0.0,4875
2020-10-21,1.0,0.0,4951
2020-10-21,0.0,0.0,317
2020-10-21,0.0,0.0,387
2020-10-21,0.0,1.0,7607
2020-10-21,0.0,0.0,783
2020-10-21,1.0,0.0,4458
2020-10-21,1.0,0.0,5128
2020-10-21,0.0,1.0,1506
2020-10-21,0.0,0.0,1266
2020-10-21,1.0,0.0,1049
2020-10-21,0.0,1.0,1355
2020-10-21,0.0,0.0,371
2020-10-21,1.0,0.0,4164
2020-10-21,0.0,4.0,1404
2020-10-22,0.0,0.0,1903
2020-10-22,0.0,0.0,846
2020-10-22,0.0,0.0,15333
2020-10-22,0.0,0.0,4466
2020-10-22,0.0,0.0,936
2020-10-22,0.0,0.0,399
2020-10-22,0.0,1.0,2597
2020-10-22,1.0,0.0,3138
2020-10-22,0.0,0.0,461
2020-10-22,-1.0,0.0,23418
2020-10-22,0.0,0.0,451
2020-10-22,0.0,0.0,435
2020-10-22,1.0,0.0,13384
2020-10-22,0.0,0.0,4126
2020-10-23,1.0,0.0,5180
2020-10-23,1.0,0.0,2120
2020-10-23,0.0,0.0,431
2020-10-23,0.0,0.0,574
2020-10-23,0.0,0.0,3891
2020-10-23,1.0,0.0,6616
2020-10-23,0.0,1.0,8398
2020-10-23,0.0,0.0,5349
2020-10-23,0.0,0.0,400
2020-10-23,0.0,0.0,483
2020-10-23,0.0,0.0,559
2020-10-23,2.0,0.0,16586
2020-10-23,0.0,0.0,1083
2020-10-23,0.0,0.0,2252
2020-10-24,0.0,1.0,23756
2020-10-24,0.0,1.0,5375
2020-10-24,1.0,0.0,6144
2020-10-24,-1.0,0.0,4556
2020-10-24,0.0,0.0,891
2020-10-24,0.0,0.0,4826
2020-10-25,0.0,1.0,2497
2020-10-25,1.0,1.0,34561
2020-10-25,0.0,1.0,3224
2020-10-25,0.0,0.0,890
2020-10-25,0.0,0.0,25393
2020-10-26,1.0,0.0,5467
2020-10-26,0.0,0.0,426
2020-10-26,0.0,0.0,517
2020-10-26,1.0,0.0,849
2020-10-26,0.0,0.0,403
2020-10-26,0.0,0.0,503
2020-10-27,0.0,0.0,419
2020-10-27,0.0,0.0,350
2020-10-27,0.0,0.0,504
2020-10-27,1.0,0.0,683
2020-10-27,0.0,0.0,440
2020-10-28,0.0,0.0,839
2020-10-28,0.0,0.0,7888
2020-10-28,0.0,0.0,8058
2020-10-28,0.0,0.0,391
2020-10-28,3.0,0.0,6890
2020-10-28,3.0,0.0,11981
2020-10-28,0.0,0.0,535
2020-10-28,0.0,0.0,463
2020-10-28,1.0,0.0,835
2020-10-28,0.0,0.0,373
2020-10-28,2.0,1.0,8268
2020-10-29,0.0,0.0,852
2020-10-29,0.0,0.0,445
2020-10-29,1.0,0.0,654
2020-10-29,0.0,0.0,413
2020-10-29,0.0,0.0,801
2020-10-29,0.0,0.0,451
2020-10-30,0.0,0.0,4798
2020-10-30,0.0,0.0,462
2020-10-30,0.0,0.0,414
2020-10-30,0.0,0.0,2519
2020-10-30,0.0,0.0,874
2020-10-30,0.0,0.0,450
2020-10-30,1.0,0.0,464
2020-10-30,0.0,0.0,523
2020-10-30,0.0,2.0,3291
2020-10-31,0.0,1.0,20487
2020-10-31,0.0,0.0,963
2020-10-31,1.0,1.0,10805
2020-11-01,0.0,0.0,889
2020-11-01,0.0,0.0,7371
2020-11-01,0.0,1.0,6035
2020-11-01,0.0,0.0,28661
2020-11-01,1.0,0.0,5550
2020-11-01,0.0,0.0,8603
2020-11-01,0.0,0.0,45812
2020-11-02,0.0,0.0,424
2020-11-02,0.0,0.0,443
2020-11-02,0.0,0.0,399
2020-11-02,0.0,0.0,397
2020-11-02,1.0,0.0,516
2020-11-02,0.0,0.0,12995
2020-11-03,0.0,0.0,404
2020-11-03,0.0,1.0,1670
2020-11-03,1.0,0.0,709
2020-11-03,0.0,0.0,420
2020-11-03,0.0,0.0,473
2020-11-03,0.0,0.0,401
2020-11-04,0.0,0.0,481
2020-11-04,0.0,0.0,916
2020-11-04,0.0,0.0,394
2020-11-04,2.0,0.0,4992
2020-11-04,0.0,0.0,808
2020-11-04,0.0,0.0,373
2020-11-04,1.0,0.0,5695
2020-11-04,1.0,0.0,5365
2020-11-04,1.0,0.0,5871
2020-11-04,0.0,0.0,518
2020-11-05,1.0,0.0,599
2020-11-05,0.0,0.0,414
2020-11-05,0.0,0.0,501
2020-11-05,0.0,0.0,814
2020-11-05,0.0,0.0,463
2020-11-05,0.0,0.0,9874
2020-11-05,0.0,0.0,540
2020-11-06,0.0,0.0,3363
2020-11-06,0.0,0.0,398
2020-11-06,0.0,0.0,510
2020-11-06,0.0,0.0,449
2020-11-06,1.0,0.0,7543
2020-11-06,1.0,0.0,8160
2020-11-06,0.0,1.0,4094
2020-11-06,0.0,0.0,409
2020-11-06,0.0,0.0,743
2020-11-06,0.0,0.0,688
2020-11-06,1.0,0.0,3419
2020-11-07,0.0,1.0,3231
2020-11-07,1.0,0.0,3453
2020-11-07,1.0,0.0,4339
2020-11-07,0.0,0.0,819
2020-11-08,1.0,0.0,11170
2020-11-08,0.0,1.0,2993
2020-11-08,0.0,0.0,767
2020-11-08,0.0,0.0,6934
2020-11-08,0.0,0.0,647
2020-11-08,1.0,0.0,45197
2020-11-08,0.0,0.0,940
2020-11-09,0.0,0.0,533
2020-11-09,0.0,0.0,426
2020-11-09,1.0,0.0,577
2020-11-09,0.0,0.0,6163
2020-11-09,1.0,0.0,5440
2020-11-09,0.0,0.0,434
2020-11-09,2.0,0.0,7226
2020-11-09,0.0,0.0,24552
2020-11-09,0.0,0.0,471
2020-11-10,0.0,0.0,487
2020-11-10,0.0,0.0,378
2020-11-10,1.0,0.0,13195
2020-11-10,0.0,0.0,394
2020-11-10,0.0,0.0,546
2020-11-10,1.0,2.0,4107
2020-11-10,0.0,0.0,10021
2020-11-10,0.0,0.0,345
2020-11-10,1.0,0.0,32392
2020-11-10,1.0,1.0,7889
2020-11-10,0.0,1.0,7571
2020-11-10,5.0,1.0,7248
2020-11-10,0.0,1.0,4488
2020-11-10,0.0,0.0,38837
2020-11-11,0.0,1.0,2148
2020-11-11,0.0,0.0,788
2020-11-11,0.0,0.0,1092
2020-11-11,1.0,0.0,542
2020-11-11,0.0,0.0,901
2020-11-11,0.0,0.0,441
2020-11-11,0.0,2.0,38448
2020-11-11,0.0,2.0,12642
2020-11-11,0.0,0.0,12449
2020-11-11,0.0,0.0,41030
2020-11-11,0.0,0.0,3161
2020-11-11,0.0,0.0,456
2020-11-11,0.0,0.0,612
2020-11-11,1.0,0.0,18127
2020-11-12,1.0,0.0,2954
2020-11-12,0.0,0.0,21133
2020-11-12,0.0,0.0,5614
2020-11-12,1.0,0.0,10809
2020-11-12,0.0,0.0,991
2020-11-12,1.0,0.0,10347
2020-11-12,0.0,0.0,47377
2020-11-12,0.0,0.0,33002
2020-11-12,1.0,0.0,12864
2020-11-12,0.0,0.0,460
2020-11-12,1.0,0.0,732
2020-11-12,0.0,0.0,452
2020-11-12,0.0,0.0,417
2020-11-12,0.0,0.0,589
2020-11-13,1.0,0.0,679
2020-11-13,0.0,0.0,824
2020-11-13,5.0,0.0,5794
2020-11-13,0.0,0.0,539
2020-11-13,0.0,0.0,404
2020-11-13,9.0,0.0,4201
2020-11-13,0.0,0.0,443
2020-11-13,1.0,1.0,1071
2020-11-13,0.0,0.0,5508
2020-11-13,0.0,0.0,4337
2020-11-13,0.0,0.0,12904
2020-11-13,0.0,0.0,412
2020-11-14,0.0,0.0,7098
2020-11-14,0.0,0.0,878
2020-11-15,0.0,-1.0,3101
2020-11-15,0.0,0.0,741
2020-11-15,0.0,0.0,582
2020-11-15,1.0,0.0,38519
2020-11-15,0.0,0.0,922
2020-11-15,0.0,0.0,39883
2020-11-16,0.0,0.0,3541
2020-11-16,2.0,1.0,4461
2020-11-16,1.0,0.0,30406
2020-11-16,0.0,0.0,574
2020-11-16,0.0,0.0,467
2020-11-16,1.0,0.0,580
2020-11-16,0.0,1.0,3943
2020-11-16,0.0,0.0,446
2020-11-16,0.0,0.0,420
2020-11-17,1.0,0.0,627
2020-11-17,4.0,1.0,11184
2020-11-17,1.0,1.0,3172
2020-11-17,-4.0,0.0,3314
2020-11-17,1.0,0.0,37535
2020-11-17,0.0,0.0,15006
2020-11-17,0.0,0.0,6021
2020-11-17,0.0,0.0,426
2020-11-17,0.0,0.0,446
2020-11-17,0.0,0.0,630
2020-11-17,0.0,0.0,481
2020-11-18,0.0,0.0,10153
2020-11-18,0.0,0.0,531
2020-11-18,1.0,0.0,517
2020-11-18,0.0,0.0,352
2020-11-18,2.0,1.0,5262
2020-11-18,0.0,0.0,840
2020-11-18,0.0,0.0,437
2020-11-18,0.0,0.0,485
2020-11-19,0.0,0.0,714
2020-11-19,0.0,0.0,326
2020-11-19,1.0,0.0,568
2020-11-19,0.0,0.0,529
2020-11-19,0.0,0.0,653
2020-11-19,0.0,0.0,465
2020-11-19,0.0,0.0,5795
2020-11-20,0.0,0.0,448
2020-11-20,0.0,0.0,4695
2020-11-20,1.0,0.0,384
2020-11-20,0.0,0.0,650
2020-11-20,0.0,0.0,494
2020-11-20,1.0,1.0,13081
2020-11-20,0.0,0.0,654
2020-11-20,0.0,1.0,1766
2020-11-20,0.0,0.0,379
2020-11-21,1.0,0.0,1970
2020-11-21,0.0,0.0,892
2020-11-21,1.0,1.0,2028
2020-11-21,0.0,1.0,1838
2020-11-21,0.0,1.0,11470
2020-11-21,1.0,0.0,10277
2020-11-22,0.0,0.0,34701
2020-11-22,0.0,0.0,678
2020-11-22,0.0,0.0,743
2020-11-22,2.0,0.0,1249
2020-11-22,3.0,0.0,6817
2020-11-22,1.0,0.0,3291
2020-11-22,0.0,0.0,19551
2020-11-22,0.0,0.0,15247
2020-11-22,0.0,1.0,1727
2020-11-22,0.0,0.0,821
2020-11-23,0.0,1.0,12014
2020-11-23,0.0,1.0,9304
2020-11-23,0.0,0.0,436
2020-11-23,1.0,0.0,517
2020-11-23,0.0,0.0,529
2020-11-23,0.0,0.0,434
2020-11-23,0.0,0.0,383
2020-11-24,0.0,0.0,510
2020-11-24,0.0,0.0,460
2020-11-24,0.0,0.0,401
2020-11-24,0.0,1.0,5240
2020-11-24,1.0,0.0,477
2020-11-24,1.0,2.0,3321
2020-11-24,0.0,0.0,289
2020-11-24,0.0,0.0,11130
2020-11-25,0.0,1.0,5958
2020-11-25,0.0,7.0,4023
2020-11-25,3.0,0.0,6331
2020-11-25,0.0,0.0,1789
2020-11-25,0.0,0.0,5584
2020-11-25,0.0,0.0,402
2020-11-25,0.0,0.0,413
2020-11-25,1.0,0.0,288
2020-11-25,0.0,0.0,333
2020-11-25,0.0,0.0,915
2020-11-25,0.0,0.0,5887
2020-11-25,0.0,0.0,412
2020-11-26,0.0,1.0,4809
2020-11-26,0.0,1.0,3729
2020-11-26,1.0,0.0,1958
2020-11-26,0.0,-6.0,5101
2020-11-26,0.0,0.0,1069
2020-11-26,0.0,0.0,3006
2020-11-26,1.0,0.0,467
2020-11-26,0.0,0.0,455
2020-11-26,1.0,0.0,11405
2020-11-26,0.0,0.0,544
2020-11-26,0.0,0.0,422
2020-11-26,0.0,0.0,286
2020-11-27,1.0,2.0,2904
2020-11-27,0.0,0.0,398
2020-11-27,1.0,0.0,12770
2020-11-27,2.0,0.0,9700
2020-11-27,0.0,0.0,955
2020-11-27,1.0,0.0,7427
2020-11-27,0.0,0.0,409
2020-11-27,0.0,0.0,306
2020-11-27,0.0,1.0,3373
2020-11-27,0.0,0.0,395
2020-11-27,1.0,0.0,353
2020-11-28,0.0,0.0,1077
2020-11-28,1.0,0.0,5540
2020-11-29,0.0,1.0,7937
2020-11-29,0.0,1.0,12462
2020-11-29,0.0,0.0,1315
2020-11-29,1.0,0.0,822
2020-11-29,1.0,0.0,1001
2020-11-29,0.0,0.0,1131
2020-11-30,1.0,1.0,7443
2020-11-30,0.0,1.0,5099
2020-11-30,0.0,0.0,10434
2020-11-30,0.0,0.0,312
2020-11-30,0.0,0.0,403
2020-11-30,0.0,0.0,399
2020-11-30,1.0,0.0,644
2020-11-30,0.0,0.0,410
2020-11-30,1.0,3.0,5244
2020-12-01,0.0,0.0,394
2020-12-01,0.0,0.0,431
2020-12-01,1.0,0.0,434
2020-12-01,0.0,0.0,431
2020-12-01,0.0,0.0,287
2020-12-02,1.0,0.0,4541
2020-12-02,1.0,0.0,645
2020-12-02,0.0,0.0,388
2020-12-02,0.0,0.0,380
2020-12-02,0.0,0.0,1105
2020-12-02,0.0,0.0,312
2020-12-02,2.0,0.0,4694
2020-12-02,0.0,0.0,545
2020-12-02,0.0,0.0,6194
2020-12-02,1.0,0.0,3681
2020-12-03,0.0,0.0,369
2020-12-03,0.0,0.0,8534
2020-12-03,1.0,0.0,6960
2020-12-03,0.0,0.0,435
2020-12-03,0.0,0.0,451
2020-12-03,0.0,0.0,877
2020-12-03,0.0,0.0,3090
2020-12-03,0.0,0.0,370
2020-12-03,0.0,0.0,925
2020-12-03,0.0,0.0,2415
2020-12-04,0.0,0.0,643
2020-12-04,1.0,0.0,446
2020-12-04,0.0,0.0,912
2020-12-04,0.0,1.0,4158
2020-12-04,0.0,0.0,4915
2020-12-04,0.0,0.0,6844
2020-12-04,0.0,0.0,429
2020-12-04,0.0,0.0,527
2020-12-04,0.0,0.0,426
2020-12-05,1.0,1.0,9485
2020-12-05,0.0,0.0,6091
2020-12-05,1.0,1.0,1647
2020-12-05,1.0,2.0,202000
2020-12-05,0.0,1.0,11192
2020-12-05,1.0,0.0,4493
2020-12-05,0.0,0.0,4760
2020-12-05,0.0,0.0,792
2020-12-05,0.0,1.0,5056
2020-12-05,1.0,2.0,12966
2020-12-06,1.0,0.0,10079
2020-12-06,1.0,1.0,5643
2020-12-06,0.0,0.0,48870
2020-12-06,1.0,0.0,2328
2020-12-06,1.0,0.0,32544
2020-12-06,1.0,0.0,3187
2020-12-06,2.0,0.0,15929
2020-12-06,1.0,0.0,31440
2020-12-06,0.0,1.0,409
2020-12-06,0.0,1.0,17433
2020-12-06,0.0,0.0,3915
2020-12-06,0.0,0.0,297
2020-12-06,1.0,1.0,19685
2020-12-06,0.0,1.0,18929
2020-12-06,0.0,2.0,3142
2020-12-06,6.0,0.0,4996
2020-12-06,0.0,0.0,10727
2020-12-06,0.0,0.0,11173
2020-12-06,0.0,0.0,12527
2020-12-06,2.0,0.0,354
2020-12-06,0.0,0.0,1629
2020-12-06,1.0,0.0,3168
2020-12-06,0.0,0.0,1311
2020-12-06,1.0,1.0,19503
2020-12-06,0.0,0.0,930
2020-12-06,0.0,1.0,4328
2020-12-06,1.0,0.0,2424
2020-12-06,0.0,1.0,2258
2020-12-06,0.0,1.0,3676
2020-12-06,0.0,1.0,2398
2020-12-06,0.0,0.0,475
2020-12-06,0.0,0.0,1997
2020-12-06,0.0,1.0,485000
2020-12-06,0.0,0.0,1718
2020-12-06,1.0,1.0,5598
2020-12-07,1.0,0.0,2549
2020-12-07,0.0,0.0,443
2020-12-07,0.0,0.0,1612
2020-12-07,0.0,1.0,5438
2020-12-07,0.0,3.0,3916
2020-12-07,0.0,0.0,329
2020-12-07,0.0,0.0,27041
2020-12-07,0.0,1.0,1083
2020-12-07,0.0,1.0,13229
2020-12-07,0.0,0.0,270
2020-12-07,0.0,0.0,64258
2020-12-07,0.0,0.0,2012
2020-12-07,0.0,2.0,87674
2020-12-07,0.0,0.0,5910
2020-12-07,0.0,1.0,638
2020-12-07,0.0,2.0,1753
2020-12-07,0.0,1.0,29005
2020-12-07,0.0,1.0,3108
2020-12-07,0.0,0.0,2616
2020-12-07,0.0,1.0,4284
2020-12-07,1.0,2.0,5299
2020-12-07,0.0,1.0,1372
2020-12-07,0.0,3.0,2523
2020-12-07,0.0,1.0,1257
2020-12-07,0.0,1.0,5354
2020-12-07,0.0,0.0,4683
2020-12-07,0.0,0.0,2099
2020-12-07,0.0,2.0,2070
2020-12-07,0.0,1.0,23138
2020-12-07,2.0,1.0,5569
2020-12-07,0.0,0.0,1684
2020-12-07,0.0,0.0,4716
2020-12-07,0.0,1.0,6966
2020-12-07,0.0,4.0,7639
2020-12-07,0.0,1.0,477
2020-12-07,1.0,0.0,33869
2020-12-07,0.0,1.0,946
2020-12-07,0.0,0.0,501
2020-12-07,0.0,1.0,4988
2020-12-07,2.0,0.0,1870
2020-12-07,0.0,0.0,300
2020-12-07,1.0,0.0,5935
2020-12-07,0.0,2.0,675
2020-12-07,0.0,0.0,18796
2020-12-07,0.0,3.0,3318
2020-12-07,0.0,1.0,5053
2020-12-07,0.0,0.0,2932
2020-12-07,0.0,0.0,2689
2020-12-07,0.0,1.0,1339
2020-12-07,0.0,1.0,6977
2020-12-07,0.0,1.0,1082
2020-12-07,1.0,0.0,4452
2020-12-07,0.0,0.0,98
2020-12-07,0.0,0.0,842
2020-12-07,0.0,1.0,823
2020-12-07,0.0,0.0,551
2020-12-07,0.0,2.0,939
2020-12-07,0.0,1.0,1250
2020-12-07,1.0,3.0,3693
2020-12-07,1.0,2.0,239
2020-12-07,0.0,0.0,530
2020-12-07,1.0,0.0,392
2020-12-07,0.0,2.0,144000
2020-12-07,1.0,1.0,1304
2020-12-07,6.0,0.0,6763
2020-12-07,0.0,2.0,16987
2020-12-07,1.0,1.0,15202
2020-12-07,0.0,2.0,3097
2020-12-07,0.0,1.0,10026
2020-12-07,1.0,1.0,2019
2020-12-07,1.0,0.0,365
2020-12-07,0.0,1.0,8765
2020-12-07,0.0,2.0,4430
2020-12-07,0.0,0.0,242
2020-12-07,0.0,0.0,2149
2020-12-07,0.0,0.0,1030
2020-12-07,0.0,0.0,1978
2020-12-07,1.0,1.0,4202
2020-12-07,0.0,0.0,4606
2020-12-07,1.0,0.0,4648
2020-12-07,0.0,0.0,3762
2020-12-07,1.0,0.0,3501
2020-12-07,0.0,1.0,4437
2020-12-07,1.0,1.0,5675
2020-12-07,1.0,0.0,23819
2020-12-07,0.0,4.0,2964
2020-12-07,0.0,1.0,3978
2020-12-07,0.0,0.0,7955
2020-12-07,0.0,0.0,3019
2020-12-07,0.0,1.0,2285
2020-12-07,1.0,2.0,350
2020-12-07,0.0,0.0,366
2020-12-07,0.0,0.0,1398
2020-12-07,0.0,0.0,9791
2020-12-07,0.0,0.0,7354
2020-12-08,0.0,0.0,20056
2020-12-08,0.0,0.0,4613
2020-12-08,0.0,0.0,235
2020-12-08,0.0,1.0,4624
2020-12-08,2.0,1.0,5685
2020-12-08,0.0,0.0,2674
2020-12-08,1.0,0.0,5704
2020-12-08,1.0,0.0,3951
2020-12-08,0.0,1.0,3117
2020-12-08,0.0,4.0,4144
2020-12-08,0.0,0.0,6317
2020-12-08,1.0,0.0,3181
2020-12-08,0.0,-1.0,7185
2020-12-08,1.0,2.0,4036
2020-12-08,1.0,3.0,1718
2020-12-08,1.0,3.0,2303
2020-12-08,0.0,1.0,1313
2020-12-08,0.0,0.0,1140
2020-12-08,0.0,1.0,2186
2020-12-08,2.0,0.0,4173
2020-12-08,0.0,1.0,579
2020-12-08,1.0,1.0,3289
2020-12-08,2.0,2.0,2025
2020-12-08,0.0,1.0,2866
2020-12-08,0.0,0.0,518
2020-12-08,0.0,1.0,2103
2020-12-08,3.0,1.0,6262
2020-12-08,0.0,0.0,14311
2020-12-08,0.0,0.0,426
2020-12-08,1.0,0.0,556
2020-12-08,1.0,0.0,237
2020-12-08,1.0,0.0,214
2020-12-08,0.0,0.0,51849
2020-12-08,1.0,0.0,259
2020-12-08,1.0,1.0,507
2020-12-08,1.0,0.0,227
2020-12-08,1.0,1.0,1382
2020-12-08,1.0,0.0,246
2020-12-08,0.0,0.0,311
2020-12-08,0.0,0.0,1698
2020-12-08,1.0,0.0,525
2020-12-08,0.0,0.0,509
2020-12-08,0.0,0.0,59698
2020-12-08,0.0,0.0,740
2020-12-08,1.0,1.0,1698
2020-12-08,0.0,0.0,1651
2020-12-08,0.0,0.0,32959
2020-12-08,0.0,1.0,7836
2020-12-08,0.0,2.0,2261
2020-12-08,0.0,0.0,2818
2020-12-08,0.0,0.0,4252
2020-12-08,0.0,0.0,2035
2020-12-08,1.0,0.0,578
2020-12-08,0.0,0.0,6782
2020-12-08,0.0,1.0,5292
2020-12-08,2.0,0.0,555
2020-12-09,2.0,1.0,2800
2020-12-09,1.0,0.0,6813
2020-12-09,2.0,0.0,24546
2020-12-09,1.0,0.0,1746
2020-12-09,2.0,0.0,1627
2020-12-09,0.0,0.0,269
2020-12-09,0.0,0.0,470
2020-12-09,1.0,1.0,6533
2020-12-09,0.0,0.0,1827
2020-12-09,1.0,0.0,7385
2020-12-09,0.0,0.0,393
2020-12-09,1.0,0.0,10797
2020-12-09,1.0,0.0,376
2020-12-09,1.0,1.0,10530
2020-12-09,1.0,1.0,5120
2020-12-09,0.0,-1.0,3326
2020-12-09,0.0,2.0,1813
2020-12-09,0.0,0.0,2011
2020-12-09,0.0,0.0,22104
2020-12-09,0.0,3.0,32754
2020-12-09,6.0,2.0,9488
2020-12-09,2.0,0.0,1175
2020-12-09,0.0,1.0,2406
2020-12-09,0.0,0.0,1537
2020-12-09,0.0,3.0,2839
2020-12-09,0.0,0.0,410
2020-12-09,0.0,1.0,1670
2020-12-09,0.0,0.0,1060
2020-12-09,0.0,0.0,4092
2020-12-09,0.0,1.0,1284
2020-12-09,0.0,0.0,2057
2020-12-09,0.0,9.0,4091
2020-12-09,0.0,0.0,6222
2020-12-09,0.0,0.0,2033
2020-12-09,-5.0,0.0,1375
2020-12-09,0.0,3.0,7376
2020-12-09,1.0,0.0,12401
2020-12-09,0.0,0.0,3833
2020-12-09,1.0,0.0,3390
2020-12-09,1.0,0.0,7483
2020-12-10,1.0,0.0,7827
2020-12-10,0.0,0.0,6282
2020-12-10,1.0,1.0,3807
2020-12-10,1.0,1.0,4064
2020-12-10,0.0,1.0,3166
2020-12-10,1.0,0.0,3566
2020-12-10,0.0,1.0,3779
2020-12-10,0.0,0.0,7017
2020-12-10,0.0,76.0,5128
2020-12-10,1.0,1.0,1247
2020-12-10,0.0,0.0,8290
2020-12-10,0.0,3.0,1929
2020-12-10,0.0,0.0,3848
2020-12-10,1.0,0.0,1723
2020-12-10,0.0,0.0,1685
2020-12-10,0.0,0.0,531
2020-12-10,0.0,0.0,572
2020-12-10,0.0,0.0,1632
2020-12-10,49.0,1.0,7752
2020-12-10,0.0,0.0,525
2020-12-10,1.0,1.0,7404
2020-12-10,0.0,0.0,444
2020-12-10,0.0,0.0,777
2020-12-10,0.0,1.0,5624
2020-12-10,0.0,0.0,898
2020-12-10,0.0,1.0,7452
2020-12-11,0.0,0.0,7746
2020-12-11,1.0,4.0,6585
2020-12-11,0.0,0.0,4800
2020-12-11,1.0,0.0,3553
2020-12-11,0.0,4.0,1301
2020-12-11,1.0,3.0,8275
2020-12-11,0.0,1.0,6736
2020-12-11,0.0,1.0,1387
2020-12-11,3.0,1.0,5330
2020-12-11,0.0,0.0,853
2020-12-11,0.0,1.0,3616
2020-12-11,0.0,0.0,394
2020-12-11,0.0,0.0,793
2020-12-11,0.0,0.0,537
2020-12-11,0.0,0.0,512
2020-12-11,0.0,0.0,482
2020-12-11,0.0,0.0,14400
2020-12-11,0.0,0.0,10043
2020-12-11,0.0,0.0,23662
2020-12-12,0.0,0.0,3630
2020-12-12,1.0,0.0,11210
2020-12-12,0.0,1.0,9818
2020-12-12,0.0,1.0,54161
2020-12-12,0.0,0.0,845
2020-12-12,1.0,0.0,31059
2020-12-12,1.0,0.0,23104
2020-12-12,3.0,4.0,3004
2020-12-12,0.0,1.0,6096
2020-12-12,2.0,0.0,16063
2020-12-12,0.0,0.0,3455
2020-12-12,3.0,0.0,3061
2020-12-12,0.0,2.0,2355
2020-12-12,0.0,0.0,4006
2020-12-12,0.0,3.0,2527
2020-12-12,2.0,0.0,3554
2020-12-12,1.0,1.0,6455
2020-12-12,1.0,0.0,4600
2020-12-12,4.0,0.0,4809
2020-12-13,1.0,0.0,4603
2020-12-13,2.0,0.0,30718
2020-12-13,1.0,2.0,3950
2020-12-13,0.0,0.0,4293
2020-12-13,1.0,1.0,15906
2020-12-13,1.0,6.0,3006
2020-12-13,0.0,0.0,6325
2020-12-13,0.0,0.0,1024
2020-12-13,2.0,1.0,6165
2020-12-13,0.0,1.0,2555
2020-12-13,0.0,0.0,700
2020-12-13,6.0,1.0,5045
2020-12-13,0.0,0.0,555
2020-12-13,0.0,0.0,1238
2020-12-13,0.0,0.0,7992
2020-12-14,0.0,0.0,4538
2020-12-14,0.0,0.0,6787
2020-12-14,1.0,0.0,500
2020-12-14,0.0,0.0,453
2020-12-14,0.0,0.0,517
2020-12-14,0.0,0.0,487
2020-12-14,0.0,1.0,3775
2020-12-14,0.0,3.0,6721
2020-12-14,1.0,0.0,7489
2020-12-14,1.0,0.0,21280
2020-12-14,1.0,0.0,6954
2020-12-14,1.0,0.0,4470
2020-12-14,0.0,0.0,1975
2020-12-14,2.0,1.0,3943
2020-12-14,1.0,37.0,3521
2020-12-14,0.0,0.0,5012
2020-12-14,0.0,0.0,2277
2020-12-14,0.0,0.0,719
2020-12-14,0.0,0.0,21364
2020-12-15,0.0,0.0,628
2020-12-15,0.0,0.0,429
2020-12-15,0.0,0.0,4674
2020-12-15,0.0,0.0,3472
2020-12-15,0.0,0.0,2255
2020-12-15,0.0,0.0,563
2020-12-15,0.0,0.0,578
2020-12-15,1.0,0.0,460
2020-12-15,0.0,0.0,2064
2020-12-16,1.0,0.0,1708
2020-12-16,2.0,1.0,6891
2020-12-16,1.0,0.0,4205
2020-12-16,0.0,1.0,3395
2020-12-16,0.0,1.0,3638
2020-12-16,1.0,2.0,6255
2020-12-16,3.0,0.0,4327
2020-12-16,0.0,1.0,2471
2020-12-16,0.0,0.0,3816
2020-12-16,0.0,0.0,862
2020-12-16,0.0,0.0,4277
2020-12-16,0.0,0.0,1782
2020-12-16,0.0,0.0,1959
2020-12-16,2.0,0.0,7627
2020-12-16,0.0,0.0,12640
2020-12-16,0.0,0.0,535
2020-12-16,0.0,0.0,632
2020-12-16,0.0,0.0,614
2020-12-16,0.0,0.0,1641
2020-12-16,1.0,0.0,4753
2020-12-16,1.0,0.0,836
2020-12-16,0.0,0.0,400
2020-12-16,0.0,1.0,24767
2020-12-16,1.0,0.0,60601
2020-12-17,1.0,0.0,103000
2020-12-17,0.0,0.0,989
2020-12-17,0.0,0.0,497
2020-12-17,0.0,0.0,2214
2020-12-17,1.0,1.0,5918
2020-12-17,0.0,0.0,537
2020-12-17,1.0,0.0,6102
2020-12-17,2.0,0.0,5067
2020-12-17,0.0,0.0,595
2020-12-17,0.0,1.0,2153
2020-12-17,0.0,1.0,3191
2020-12-17,4.0,0.0,13218
2020-12-17,0.0,3.0,1443
2020-12-17,1.0,0.0,701
2020-12-17,0.0,0.0,608
2020-12-17,0.0,1.0,3538
2020-12-17,0.0,0.0,4100
2020-12-17,1.0,0.0,2016
2020-12-18,0.0,0.0,4908
2020-12-18,0.0,0.0,5776
2020-12-18,1.0,0.0,15169
2020-12-18,0.0,0.0,1126
2020-12-18,1.0,0.0,40091
2020-12-18,2.0,0.0,9748
2020-12-18,0.0,0.0,363
2020-12-18,1.0,0.0,5112
2020-12-18,0.0,0.0,968
2020-12-18,1.0,0.0,782
2020-12-18,0.0,0.0,502
2020-12-18,0.0,0.0,652
2020-12-18,6.0,0.0,3342
2020-12-18,0.0,0.0,6695
2020-12-18,0.0,1.0,4687
2020-12-18,1.0,0.0,9499
2020-12-19,0.0,0.0,909
2020-12-19,0.0,-1.0,9497
2020-12-19,1.0,0.0,45381
2020-12-19,0.0,1.0,8941
2020-12-19,0.0,5.0,3597
2020-12-20,0.0,0.0,941
2020-12-20,0.0,0.0,948
2020-12-20,1.0,1.0,2571
2020-12-20,1.0,0.0,1010
2020-12-20,1.0,0.0,7273
2020-12-20,1.0,0.0,1390
2020-12-21,0.0,3.0,3622
2020-12-21,0.0,1.0,5350
2020-12-21,0.0,0.0,416
2020-12-21,0.0,0.0,732
2020-12-21,0.0,0.0,534
2020-12-21,2.0,0.0,10727
2020-12-21,0.0,6.0,2887
2020-12-21,1.0,0.0,3201
2020-12-21,0.0,8.0,9727
2020-12-21,1.0,0.0,6663
2020-12-21,1.0,0.0,1036
2020-12-21,2.0,0.0,7333
2020-12-21,2.0,0.0,1063
2020-12-21,1.0,0.0,547
2020-12-21,1.0,1.0,24093
2020-12-21,1.0,1.0,1712
2020-12-21,1.0,1.0,509
2020-12-21,2.0,0.0,14640
2020-12-21,1.0,1.0,3235
2020-12-21,0.0,5.0,1179
2020-12-21,0.0,0.0,555
2020-12-21,1.0,1.0,1321
2020-12-21,1.0,0.0,29845
2020-12-21,0.0,1.0,5724
2020-12-21,0.0,1.0,5305
2020-12-21,0.0,1.0,6745
2020-12-21,1.0,0.0,9345
2020-12-21,1.0,1.0,1666
2020-12-22,0.0,0.0,39951
2020-12-22,1.0,0.0,41677
2020-12-22,1.0,1.0,1927
2020-12-22,0.0,1.0,37760
2020-12-22,0.0,0.0,437
2020-12-22,3.0,0.0,3685
2020-12-22,1.0,0.0,427
2020-12-22,1.0,2.0,6995
2020-12-22,4.0,0.0,3740
2020-12-22,1.0,0.0,6851
2020-12-22,0.0,0.0,33506
2020-12-22,2.0,0.0,4052
2020-12-22,2.0,1.0,3675
2020-12-22,1.0,1.0,4731
2020-12-22,0.0,27.0,6090
2020-12-22,0.0,0.0,482
2020-12-22,0.0,4.0,8293
2020-12-22,1.0,0.0,43857
2020-12-22,0.0,0.0,685
2020-12-22,0.0,0.0,501
2020-12-22,0.0,0.0,957
2020-12-22,1.0,0.0,6720
2020-12-22,1.0,0.0,9731
2020-12-23,0.0,0.0,1021
2020-12-23,1.0,0.0,47792
2020-12-23,0.0,0.0,597
2020-12-23,0.0,0.0,5953
2020-12-23,0.0,0.0,14332
2020-12-23,0.0,0.0,12365
2020-12-23,0.0,0.0,559
2020-12-23,1.0,0.0,723
2020-12-23,0.0,1.0,2181
2020-12-23,0.0,0.0,991
2020-12-23,0.0,0.0,1428
2020-12-23,0.0,0.0,467
2020-12-24,1.0,0.0,55520
2020-12-24,1.0,0.0,8420
2020-12-24,2.0,0.0,4054
2020-12-24,0.0,0.0,6162
2020-12-24,0.0,0.0,970
2020-12-24,0.0,0.0,639
2020-12-24,0.0,0.0,477
2020-12-24,0.0,0.0,499
2020-12-24,0.0,0.0,10923
2020-12-24,0.0,0.0,408
2020-12-24,1.0,0.0,560
2020-12-25,0.0,1.0,7103
2020-12-25,1.0,1.0,1899
2020-12-25,4.0,0.0,6721
2020-12-25,1.0,0.0,11593
2020-12-25,1.0,0.0,4024
2020-12-25,9.0,0.0,2501
2020-12-25,0.0,0.0,464
2020-12-25,0.0,0.0,613
2020-12-25,0.0,0.0,697
2020-12-25,0.0,0.0,839
2020-12-25,0.0,1.0,3278
2020-12-25,0.0,1.0,7789
2020-12-25,0.0,2.0,8666
2020-12-25,0.0,1.0,9648
2020-12-25,0.0,0.0,36262
2020-12-26,0.0,0.0,745
2020-12-26,1.0,0.0,2531
2020-12-26,0.0,0.0,9837
2020-12-26,0.0,0.0,3433
2020-12-26,0.0,1.0,7893
2020-12-26,0.0,1.0,2378
2020-12-26,2.0,0.0,2161
2020-12-26,0.0,2.0,5178
2020-12-26,0.0,0.0,14064
2020-12-26,0.0,1.0,1528
2020-12-26,1.0,0.0,1285
2020-12-26,0.0,0.0,32370
2020-12-27,0.0,0.0,448
2020-12-27,0.0,0.0,1037
2020-12-27,1.0,0.0,1372
2020-12-27,2.0,0.0,14125
2020-12-27,1.0,1.0,1252
2020-12-27,0.0,0.0,9437
2020-12-27,1.0,0.0,10050
2020-12-27,4.0,0.0,3356
2020-12-27,0.0,0.0,14991
2020-12-27,1.0,0.0,2310
2020-12-27,1.0,0.0,2434
2020-12-27,0.0,0.0,4747
2020-12-28,0.0,1.0,21870
2020-12-28,0.0,0.0,9567
2020-12-28,0.0,0.0,1627
2020-12-28,0.0,0.0,9873
2020-12-28,0.0,0.0,494
2020-12-28,1.0,0.0,636
2020-12-28,0.0,0.0,3570
2020-12-28,0.0,0.0,410
2020-12-28,0.0,0.0,430
2020-12-28,1.0,1.0,8188
2020-12-28,0.0,0.0,1036
2020-12-28,0.0,0.0,499
2020-12-28,3.0,0.0,4123
2020-12-28,0.0,0.0,34439
2020-12-29,0.0,0.0,441
2020-12-29,1.0,0.0,7351
2020-12-29,1.0,1.0,5605
2020-12-29,1.0,0.0,737
2020-12-29,0.0,0.0,502
2020-12-29,0.0,0.0,503
2020-12-29,1.0,0.0,1381
2020-12-29,0.0,5.0,2107
2020-12-29,0.0,1.0,5261
2020-12-29,3.0,0.0,9731
2020-12-29,0.0,0.0,516
2020-12-29,0.0,0.0,23039
2020-12-29,0.0,0.0,6798
2020-12-29,0.0,0.0,4868
2020-12-29,0.0,1.0,4541
2020-12-29,0.0,1.0,6566
2020-12-29,0.0,0.0,28992
2020-12-30,0.0,0.0,441
2020-12-30,1.0,0.0,769
2020-12-30,1.0,0.0,10749
2020-12-30,0.0,0.0,760
2020-12-30,0.0,0.0,509
2020-12-30,0.0,0.0,585
2020-12-30,0.0,0.0,861
2020-12-30,0.0,0.0,748
2020-12-30,1.0,0.0,5762
2020-12-30,1.0,0.0,5607
2020-12-30,0.0,1.0,9211
2020-12-31,2.0,0.0,10001
2020-12-31,2.0,0.0,9074
2020-12-31,2.0,0.0,651
2020-12-31,0.0,0.0,1549
2020-12-31,1.0,0.0,605
2020-12-31,1.0,0.0,4915
2020-12-31,0.0,0.0,409
2020-12-31,0.0,0.0,571
2020-12-31,1.0,0.0,6454
2020-12-31,2.0,0.0,9208
2020-12-31,0.0,0.0,757
2020-12-31,0.0,0.0,428
2020-12-31,0.0,0.0,578
2020-12-31,2.0,0.0,3906
2020-12-31,0.0,0.0,3697
2020-12-31,0.0,0.0,5185
2020-12-31,9.0,0.0,6221
2020-12-31,0.0,2.0,3448
2020-12-31,0.0,0.0,2198
2020-12-31,0.0,0.0,759
2021-01-03,1.0,0.0,830
2021-01-03,0.0,0.0,532
2021-01-03,1.0,0.0,1836
2021-01-04,0.0,0.0,521
2021-01-04,0.0,0.0,516
2021-01-04,1.0,0.0,10373
2021-01-04,1.0,0.0,598
2021-01-04,0.0,0.0,468
2021-01-04,0.0,0.0,538
2021-01-05,1.0,0.0,549
2021-01-05,0.0,0.0,574
2021-01-05,1.0,0.0,7932
2021-01-05,0.0,0.0,629
2021-01-05,0.0,0.0,542
2021-01-06,0.0,0.0,541
2021-01-06,0.0,0.0,644
2021-01-06,1.0,6.0,20749
2021-01-06,0.0,0.0,396
2021-01-06,1.0,0.0,3326
2021-01-06,0.0,0.0,1713
2021-01-06,0.0,0.0,474
2021-01-06,1.0,0.0,572
2021-01-07,0.0,0.0,335
2021-01-07,0.0,0.0,684
2021-01-07,0.0,0.0,383
2021-01-07,0.0,0.0,411
2021-01-07,1.0,0.0,738
2021-01-08,0.0,0.0,580
2021-01-08,0.0,0.0,524
2021-01-08,1.0,0.0,637
2021-01-08,1.0,0.0,10969
2021-01-08,0.0,0.0,462
2021-01-08,0.0,0.0,642
2021-01-10,0.0,1.0,1147
2021-01-10,0.0,0.0,531
2021-01-10,0.0,0.0,872
2021-01-11,0.0,0.0,695
2021-01-11,0.0,0.0,531
2021-01-11,1.0,0.0,551
2021-01-11,0.0,0.0,548
2021-01-11,0.0,0.0,417
2021-01-12,0.0,0.0,475
2021-01-12,0.0,0.0,577
2021-01-12,1.0,0.0,388
2021-01-12,0.0,0.0,476
2021-01-12,0.0,0.0,1371
2021-01-12,0.0,0.0,441
2021-01-13,0.0,0.0,500
2021-01-13,0.0,0.0,468
2021-01-13,0.0,0.0,397
2021-01-13,1.0,0.0,421
2021-01-13,1.0,0.0,7916
2021-01-13,0.0,0.0,586
2021-01-14,0.0,0.0,491
2021-01-14,0.0,0.0,565
2021-01-14,0.0,0.0,694
2021-01-14,1.0,0.0,616
2021-01-14,0.0,0.0,651
2021-01-15,0.0,0.0,501
2021-01-15,0.0,0.0,466
2021-01-15,0.0,0.0,731
2021-01-15,1.0,0.0,460
2021-01-15,0.0,0.0,774
2021-01-17,0.0,0.0,575
2021-01-17,1.0,0.0,879
2021-01-17,1.0,1.0,1022
2021-01-18,0.0,0.0,506
2021-01-18,0.0,0.0,446
2021-01-18,0.0,0.0,522
2021-01-18,1.0,0.0,719
2021-01-18,0.0,0.0,471
2021-01-19,0.0,0.0,477
2021-01-19,1.0,0.0,6451
2021-01-19,1.0,0.0,498
2021-01-19,0.0,0.0,410
2021-01-19,0.0,0.0,496
2021-01-19,0.0,0.0,441
2021-01-20,0.0,0.0,449
2021-01-20,0.0,0.0,524
2021-01-20,0.0,0.0,501
2021-01-20,1.0,0.0,551
2021-01-20,0.0,0.0,664
2021-01-21,0.0,0.0,708
2021-01-21,1.0,0.0,426
2021-01-21,0.0,0.0,542
2021-01-21,0.0,0.0,567
2021-01-21,0.0,0.0,416
2021-01-22,0.0,0.0,521
2021-01-22,0.0,0.0,490
2021-01-22,1.0,0.0,517
2021-01-22,0.0,0.0,591
2021-01-22,0.0,0.0,648
2021-01-24,0.0,1.0,1295
2021-01-24,0.0,0.0,659
2021-01-24,0.0,0.0,1017
2021-01-25,0.0,0.0,511
2021-01-25,0.0,0.0,529
2021-01-25,0.0,0.0,562
2021-01-25,0.0,0.0,564
2021-01-25,1.0,0.0,499
2021-01-25,2.0,0.0,8181
2021-01-26,0.0,0.0,563
2021-01-26,0.0,0.0,348
2021-01-26,1.0,0.0,462
2021-01-26,0.0,0.0,487
2021-01-26,0.0,0.0,408
2021-01-26,0.0,0.0,5646
2021-01-27,1.0,0.0,783
2021-01-27,0.0,0.0,275
2021-01-27,0.0,0.0,279
2021-01-27,2.0,0.0,1615
2021-01-27,1.0,0.0,1526
2021-01-27,1.0,0.0,492
2021-01-27,1.0,0.0,29768
2021-01-27,0.0,0.0,7970
2021-01-27,1.0,0.0,665
2021-01-27,0.0,0.0,534
2021-01-27,0.0,0.0,524
2021-01-27,0.0,0.0,662
2021-01-27,1.0,0.0,678
2021-01-27,1.0,0.0,1259
2021-01-28,0.0,1.0,5257
2021-01-28,2.0,0.0,2467
2021-01-28,0.0,0.0,308
2021-01-28,0.0,0.0,487
2021-01-28,1.0,0.0,10247
2021-01-28,1.0,0.0,4605
2021-01-28,2.0,1.0,1345
2021-01-28,1.0,0.0,446
2021-01-28,2.0,0.0,1842
2021-01-28,1.0,0.0,946
2021-01-28,0.0,0.0,396
2021-01-28,2.0,0.0,920
2021-01-28,0.0,0.0,318
2021-01-28,0.0,0.0,1214
2021-01-28,0.0,1.0,11381
2021-01-28,2.0,0.0,6169
2021-01-29,0.0,0.0,352
2021-01-29,2.0,1.0,6398
2021-01-29,1.0,0.0,413
2021-01-29,0.0,0.0,414
2021-01-29,0.0,0.0,467
2021-01-29,0.0,0.0,374
2021-01-30,1.0,0.0,12328
2021-01-31,1.0,1.0,797
2021-01-31,0.0,0.0,591
2021-01-31,0.0,0.0,473
2021-02-01,0.0,0.0,521
2021-02-01,0.0,0.0,355
2021-02-01,0.0,0.0,471
2021-02-01,0.0,0.0,653
2021-02-01,0.0,0.0,7327
2021-02-01,0.0,0.0,376
2021-02-02,1.0,1.0,5815
2021-02-02,0.0,0.0,1696
2021-02-02,0.0,0.0,665
2021-02-02,0.0,0.0,426
2021-02-02,1.0,0.0,973
2021-02-02,0.0,0.0,464
2021-02-03,0.0,0.0,548
2021-02-03,0.0,0.0,1139
2021-02-03,0.0,0.0,669
2021-02-03,0.0,0.0,457
2021-02-03,1.0,0.0,1359
2021-02-04,0.0,0.0,604
2021-02-04,0.0,0.0,674
2021-02-05,0.0,0.0,604
2021-02-05,0.0,0.0,662
2021-02-07,1.0,0.0,1487
2021-02-07,0.0,0.0,1209
2021-02-08,0.0,0.0,519
2021-02-08,0.0,0.0,553
2021-02-08,0.0,1.0,7402
2021-02-08,0.0,0.0,2629
2021-02-08,0.0,0.0,1315
2021-02-09,0.0,0.0,6428
2021-02-09,0.0,0.0,607
2021-02-09,0.0,0.0,573
2021-02-10,0.0,0.0,572
2021-02-10,0.0,0.0,468
2021-02-10,0.0,0.0,7616
2021-02-10,0.0,0.0,1287
2021-02-18,0.0,0.0,1071
2021-02-18,0.0,0.0,548
2021-02-18,1.0,0.0,8694
2021-02-18,0.0,0.0,1406
2021-02-19,0.0,0.0,716
2021-02-19,0.0,0.0,517
2021-02-19,1.0,0.0,8061
2021-02-20,0.0,0.0,11820
2021-02-22,0.0,0.0,1385
2021-02-22,1.0,0.0,14801
2021-02-22,0.0,0.0,691
2021-02-22,1.0,0.0,3079
2021-02-22,0.0,0.0,553
2021-02-23,0.0,0.0,418
2021-02-23,0.0,0.0,345
2021-02-23,0.0,1.0,7239
2021-02-24,0.0,0.0,636
2021-02-24,0.0,0.0,398
2021-02-24,1.0,0.0,7347
2021-02-24,0.0,0.0,1397
2021-02-25,0.0,0.0,371
2021-02-25,0.0,0.0,437
2021-02-25,1.0,0.0,8442
2021-02-26,0.0,0.0,583
2021-02-26,0.0,0.0,472
2021-02-28,1.0,0.0,2330
2021-02-28,0.0,0.0,1194
2021-03-01,0.0,0.0,511
2021-03-01,0.0,0.0,668
2021-03-02,0.0,0.0,499
2021-03-02,0.0,0.0,575
2021-03-03,0.0,0.0,601
2021-03-03,0.0,0.0,645
2021-03-04,0.0,0.0,426
2021-03-04,0.0,0.0,453
2021-03-04,0.0,0.0,7814
2021-03-05,0.0,0.0,566
2021-03-05,0.0,0.0,542
2021-03-06,0.0,0.0,1117
2021-03-06,0.0,0.0,13475
2021-03-06,0.0,0.0,4501
2021-03-07,2.0,0.0,1818
2021-03-07,0.0,0.0,1212
2021-03-08,0.0,0.0,470
2021-03-08,0.0,0.0,485
2021-03-09,0.0,0.0,639
2021-03-09,0.0,0.0,547
2021-03-10,0.0,0.0,580
2021-03-10,0.0,0.0,462
2021-03-11,0.0,0.0,714
2021-03-11,0.0,0.0,525
2021-03-12,0.0,0.0,513
2021-03-12,0.0,0.0,490
2021-03-14,0.0,1.0,1188
2021-03-14,0.0,0.0,1265
2021-03-15,0.0,0.0,618
2021-03-15,0.0,0.0,614
2021-03-16,0.0,0.0,592
2021-03-16,0.0,0.0,593
2021-03-17,0.0,1.0,6843
2021-03-17,0.0,0.0,561
2021-03-17,0.0,0.0,506
2021-03-18,0.0,0.0,450
2021-03-18,0.0,0.0,473
2021-03-19,0.0,0.0,534
2021-03-19,0.0,0.0,710
2021-03-20,1.0,0.0,14305
2021-03-21,0.0,0.0,1653
2021-03-21,1.0,0.0,860
2021-03-22,0.0,0.0,629
2021-03-23,0.0,0.0,2652
2021-03-25,0.0,0.0,1151
2021-03-25,1.0,0.0,16459
2021-03-25,2.0,0.0,3569
2021-03-26,1.0,0.0,6561
2021-03-26,2.0,0.0,822
2021-03-26,2.0,0.0,6134
2021-03-26,0.0,0.0,3491
2021-03-26,0.0,0.0,1686
2021-03-28,1.0,0.0,1129
2021-03-28,1.0,0.0,8438
2021-03-28,0.0,0.0,1024
2021-03-29,1.0,0.0,5157
2021-03-29,0.0,0.0,1681
2021-03-29,2.0,0.0,3488
2021-03-30,0.0,0.0,586
2021-03-30,0.0,0.0,600
2021-03-31,0.0,0.0,767
2021-03-31,0.0,0.0,584
2021-04-01,1.0,0.0,6339
2021-04-01,0.0,0.0,645
2021-04-01,0.0,0.0,764
2021-04-02,1.0,0.0,3752
2021-04-02,0.0,0.0,515
2021-04-02,0.0,0.0,565
2021-04-02,1.0,0.0,3155
2021-04-05,0.0,0.0,1719
2021-04-06,0.0,0.0,595
2021-04-08,0.0,0.0,726
2021-04-08,1.0,0.0,3254
2021-04-08,0.0,0.0,927
2021-04-08,1.0,0.0,7808
2021-04-08,0.0,0.0,572
2021-04-08,0.0,0.0,447
2021-04-08,0.0,0.0,232
2021-04-09,0.0,0.0,439
2021-04-09,0.0,0.0,486
2021-04-09,1.0,0.0,1374
2021-04-11,0.0,0.0,2264
2021-04-12,0.0,0.0,411
2021-04-12,0.0,0.0,460
2021-04-13,1.0,0.0,5315
2021-04-13,2.0,0.0,7896
2021-04-13,0.0,0.0,1016
2021-04-13,0.0,0.0,488
2021-04-13,0.0,0.0,466
2021-04-13,4.0,0.0,25115
2021-04-14,1.0,0.0,1263
2021-04-14,0.0,0.0,534
2021-04-14,0.0,0.0,513
2021-04-14,0.0,0.0,2210
2021-04-15,0.0,0.0,429
2021-04-15,0.0,0.0,559
2021-04-15,3.0,0.0,14495
2021-04-16,0.0,0.0,621
2021-04-16,0.0,0.0,614
2021-04-18,1.0,0.0,1927
2021-04-18,0.0,0.0,1399
2021-04-19,0.0,0.0,145
2021-04-19,0.0,0.0,359
2021-04-19,0.0,0.0,2007
2021-04-20,0.0,0.0,474
2021-04-20,0.0,0.0,532
2021-04-20,3.0,0.0,12366
2021-04-20,4.0,0.0,6821
2021-04-21,2.0,0.0,8685
2021-04-21,0.0,0.0,685
2021-04-21,0.0,0.0,579
2021-04-22,0.0,0.0,514
2021-04-22,0.0,0.0,569
2021-04-23,0.0,0.0,474
2021-04-23,0.0,0.0,389
2021-04-23,1.0,0.0,6846
2021-04-23,1.0,0.0,9689
2021-04-24,1.0,0.0,3768
2021-04-25,0.0,0.0,1694
2021-04-25,2.0,0.0,2934
2021-04-25,0.0,0.0,2782
2021-04-26,0.0,0.0,557
2021-04-26,0.0,0.0,358
2021-04-26,1.0,0.0,7186
2021-04-27,0.0,0.0,31627
2021-04-27,3.0,0.0,1188
2021-04-27,1.0,0.0,1734
2021-04-27,1.0,0.0,1972
2021-04-27,2.0,0.0,1537
2021-04-27,1.0,0.0,1787
2021-04-27,0.0,1.0,3503
2021-04-27,1.0,0.0,15961
2021-04-27,0.0,0.0,3983
2021-04-27,0.0,0.0,512
2021-04-27,0.0,0.0,511
2021-04-27,1.0,0.0,2620
2021-04-28,0.0,0.0,455
2021-04-28,0.0,0.0,482
2021-04-28,0.0,0.0,598
2021-04-28,1.0,0.0,5169
2021-04-29,1.0,0.0,6723
2021-04-29,0.0,0.0,560
2021-04-29,0.0,0.0,1543
2021-04-30,1.0,0.0,1867
2021-04-30,0.0,0.0,544
2021-04-30,0.0,0.0,525
2021-04-30,1.0,0.0,6477
2021-05-05,2.0,0.0,2460
2021-05-05,0.0,0.0,1927
2021-05-06,0.0,0.0,467
2021-05-06,0.0,0.0,572
2021-05-06,1.0,0.0,9027
2021-05-07,0.0,0.0,496
2021-05-07,0.0,0.0,4189
2021-05-07,0.0,0.0,1512
2021-05-07,0.0,0.0,545
2021-05-10,0.0,0.0,698
2021-05-10,2.0,0.0,5974
2021-05-11,0.0,0.0,450
2021-05-11,0.0,0.0,475
2021-05-12,0.0,0.0,2654
2021-05-12,0.0,0.0,3314
2021-05-12,0.0,0.0,1059
2021-05-12,0.0,0.0,2235
2021-05-12,1.0,0.0,3412
2021-05-12,1.0,0.0,3208
2021-05-12,0.0,0.0,453
2021-05-12,0.0,0.0,483
2021-05-12,0.0,0.0,4741
2021-05-13,0.0,0.0,466
2021-05-13,0.0,0.0,495
2021-05-14,0.0,0.0,501
2021-05-14,0.0,0.0,699
2021-05-16,0.0,0.0,2586
2021-05-16,0.0,0.0,2024
2021-05-17,0.0,1.0,5999
2021-05-17,0.0,2.0,4536
2021-05-17,0.0,0.0,3361
2021-05-17,0.0,1.0,5932
2021-05-17,1.0,0.0,9120
2021-05-17,0.0,1.0,3962
2021-05-17,1.0,0.0,12923
2021-05-17,0.0,0.0,525
2021-05-17,0.0,0.0,646
2021-05-17,1.0,0.0,4682
2021-05-18,0.0,0.0,486
2021-05-18,0.0,0.0,520
2021-05-19,2.0,1.0,2152
2021-05-19,0.0,0.0,423
2021-05-19,0.0,0.0,527
2021-05-20,0.0,1.0,7765
2021-05-20,0.0,0.0,485
2021-05-20,0.0,0.0,550
2021-05-21,0.0,0.0,507
2021-05-21,0.0,0.0,656
2021-05-21,0.0,0.0,5121
2021-05-21,1.0,0.0,2623
2021-05-23,0.0,0.0,1018
2021-renew,0.0,0.0,read
